-- Курсовая работа

-- 1 - Составить общее текстовое описание БД и решаемых ею задач;

/* Модель базы данных будет создана для сайта https://habr.com/ . Задачи:
 * - Обеспечить хранение данных о новых авторах, пользователях, компаниях, 
 * статьях и др. информации необходимой для функционирования сайта,
 * - Сортировка, выборка нужных данных, их дополнение, удаление, изменение,
 * построение рейтингов - БД должна быть удобной для этих операций.
 * 
 * У Хабра есть несколько ключевых разделов: 
 *  
 * - Хабр - общий - Статьи: здесь различные пользователи (кто заслужил право) публикуют статьи. Понадобится информация о 
 * пользователях (в том числе информация о предпочтениях в персональной ленте, карма, рейтинг, информация об
 * аккаунте, о категории полномочий и т.д.). 
 *  Также нужно хранить: статьи, новости,  авторов, компании, хабы, информацию о разделах,
 * информацию о подразделах, информацию о песочнице (статьи, ожидающие приглашения авторы, новые авторы), комментарии,
 * информацию о личных сообщениях между пользователями.
 * 
 * - Хабр Q&A: здесь можно задавать вопросы на любые ИТ темы и получать на них ответы. Для 
 * этого раздела понадобятся таблицы: вопросы (под рубрикой Интересные), Ответы, лайки и т.д.
 * 
 * Также есть разделы Хабр Карьера и Хабр Фриланс (требуется отдельная регистрация): по сути, отдельные подпроекты Хабр.
 * 
 * В рамках данной работы база будет для первых 2х разделов Хабр (поскольку они непосредственно связаны друг с другом
 * общими пользователями, общим рейтингом и т.д.). 
 */
 
-- 2 -- минимальное количество таблиц - 10;
-- 3 -- скрипты создания структуры БД (с первичными ключами, индексами, внешними ключами);
-- ----------------------------------------------------------------------------------------------------------------------
-- ----------------------------------------------------------------------------------------------------------------------
-- ----------------------------------------------------------------------------------------------------------------------
DROP DATABASE IF EXISTS habrbd;

CREATE DATABASE habrbd;

USE habrbd;

-- Начнем с раздела Хабр - общий

-- Информация о пользователях (аккаунты) 

DROP TABLE IF EXISTS accounts;
CREATE TABLE accounts (
	id bigint UNSIGNED NOT NULL PRIMARY KEY AUTO_INCREMENT,
	login varchar (100) NOT NULL,
	passwd_hash varchar (250) NOT NULL,
	email varchar (250) NOT NULL, -- нужен при регистрации, поэтому сюда, а не в профиль
	if_confirmed boolean DEFAULT FALSE, -- подтвердить аккаунт перейдя по ссылке в почте
	created_at datetime DEFAULT current_timestamp,
	updated_at datetime DEFAULT current_timestamp ON UPDATE current_timestamp
);

ALTER TABLE accounts ADD CONSTRAINT email_check CHECK (email LIKE "__%@__%.__%");
ALTER TABLE accounts ADD CONSTRAINT login_check CHECK (login RLIKE '^[a-z]+' AND login LIKE "___%"); -- от 3х символов и начинается с буквы

-- категория прав на сайте 
DROP TABLE IF EXISTS rights;
CREATE TABLE rights (
	id bigint UNSIGNED NOT NULL PRIMARY KEY AUTO_INCREMENT,
	name varchar (150) NOT NULL, -- их 3: только чтение, чтение + комменты, полноправный аккаунт
	description text NOT NULL
);

-- Страны
DROP TABLE IF EXISTS countries;
CREATE TABLE countries(
	id bigint UNSIGNED NOT NULL PRIMARY KEY AUTO_INCREMENT,
	name varchar (250) NOT NULL
);

-- Города
DROP TABLE IF EXISTS cities;
CREATE TABLE cities(
	id bigint UNSIGNED NOT NULL PRIMARY KEY AUTO_INCREMENT,
	id_country bigint UNSIGNED NOT NULL,
	name varchar (250) NOT NULL,
	CONSTRAINT id_country_fk_cit FOREIGN KEY (id_country) REFERENCES countries (id)
);

-- Регион
DROP TABLE IF EXISTS regions;
CREATE TABLE regions(
	id bigint UNSIGNED NOT NULL PRIMARY KEY AUTO_INCREMENT,
	id_cities bigint UNSIGNED NOT NULL,
	name varchar (250) NOT NULL,
	CONSTRAINT id_cities_fk_cit FOREIGN KEY (id_cities) REFERENCES cities (id)
);


-- Профили пользователей
DROP TABLE IF EXISTS profiles;
CREATE TABLE profiles (
	user_id bigint UNSIGNED NOT NULL PRIMARY KEY, -- здесь будет связь 1 к 1
	rights_id bigint UNSIGNED NOT NULL, -- категория прав на сайте, связь 1 к 1 (у 1го пользователя только 1 категория)
	name varchar (250) DEFAULT NULL, -- может быть не заполненным
	surname varchar (250) DEFAULT NULL, 
	job_place varchar (250) DEFAULT NULL,
	specialization varchar (250) DEFAULT "Пользователь",
	gender enum ("женский", "мужской", "другой") DEFAULT "Другой",
	status varchar (250) DEFAULT NULL,
	wants_get_mailing_site boolean DEFAULT TRUE, -- настройки подписки
	wants_get_mailing_interesting_articles boolean DEFAULT TRUE,
	last_activity datetime DEFAULT current_timestamp ON UPDATE current_timestamp,
	birthday date DEFAULT NULL,
	region_id bigint UNSIGNED DEFAULT NULL, -- по id региона можно восстановить город, по нему - страну
	CONSTRAINT user_id_fk_prof FOREIGN KEY (user_id) REFERENCES accounts (id),
	CONSTRAINT region_id_fk FOREIGN KEY (region_id) REFERENCES regions (id)
);

ALTER TABLE profiles ADD CONSTRAINT name_check CHECK (name RLIKE '^[a-zA-Z]{2}[a-zA-Z]*$'); -- только буквы и не менее 2х 
ALTER TABLE profiles ADD CONSTRAINT surname_check CHECK (surname RLIKE '^[a-zA-Z]{2}[a-zA-Z]*$');


-- Карма: права и ограничения, связанные с кармой пользователей
DROP TABLE IF EXISTS carma;
CREATE TABLE carma(
	user_id bigint UNSIGNED NOT NULL PRIMARY KEY, -- здесь будет связь 1 к 1
	carma bigint DEFAULT NULL, -- может быть отрицательной
	if_troll boolean AS (carma < -100) STORED, -- у троллей в профиле отображается значок :)
	comment_1_per_week boolean AS (carma < -100) STORED, -- есть ли такое ограничение для пользователя
	comment_1_per_day boolean AS (carma BETWEEN -100 AND -31) STORED,
	comment_1_per_hour boolean AS (carma BETWEEN -30  AND -11) STORED,
	comment_1_per_5_minuts boolean AS (carma BETWEEN -10 AND -1) STORED,
	can_public boolean AS (carma >= 0) STORED, 
	can_stop_advert boolean AS (carma >= 1) STORED,
	can_voite boolean AS (carma >= 5) STORED,
	can_public_in_piar boolean AS (carma >= 30) STORED,
	get_one_invitation boolean AS (carma >= 50) STORED,
	CONSTRAINT user_id_fk_carma FOREIGN KEY (user_id) REFERENCES accounts (id)
);

-- Карма: (кто кому поставил + или минус): один пользователь может дать только 1 оценку другому
DROP TABLE IF EXISTS carma_voiting;
CREATE TABLE carma_voiting (
	from_voit_id bigint UNSIGNED NOT NULL,
	to_voit_id bigint UNSIGNED NOT NULL,
	evaluation tinyint, -- поставил +1 или поставил -1
	PRIMARY KEY (from_voit_id, to_voit_id),
	evaluated_at datetime DEFAULT current_timestamp ON UPDATE current_timestamp,
	CONSTRAINT from_voit_id_fk FOREIGN KEY (from_voit_id) REFERENCES accounts (id),
	CONSTRAINT to_voit_id_fk FOREIGN KEY (to_voit_id) REFERENCES accounts (id)
);


-- Категории публикаций (Разработка, Администрирование, Дизайн, Менеджмент, Маркетинг, Научпоп, Новости)
DROP TABLE IF EXISTS category_articles;
CREATE TABLE category_articles(
	id bigint UNSIGNED NOT NULL PRIMARY KEY AUTO_INCREMENT,
	name varchar (150) NOT NULL
);

-- Подразделы категорий публикаций: Разработка: Python, js, java etc.
DROP TABLE IF EXISTS under_category_articles;
CREATE TABLE under_category_articles(
	id bigint UNSIGNED NOT NULL AUTO_INCREMENT PRIMARY KEY,
	id_category bigint UNSIGNED NOT NULL,
	name varchar (150) NOT NULL,
	UNIQUE KEY (id_category, name),
	CONSTRAINT id_category_fk_cat_art FOREIGN KEY (id_category) REFERENCES category_articles (id)
);


-- Посты пользователей
DROP TABLE IF EXISTS articles;
CREATE TABLE articles (
	id bigint UNSIGNED NOT NULL PRIMARY KEY AUTO_INCREMENT,
	id_autor bigint UNSIGNED NOT NULL,
	id_under_category bigint UNSIGNED NOT NULL,
	name varchar (300) NOT NULL,
	article text NOT NULL,
	created_at datetime DEFAULT current_timestamp,
	updated_at datetime DEFAULT current_timestamp ON UPDATE current_timestamp,
	INDEX id_autor_ind (id_autor),
	INDEX id_under_category_ind (id_under_category),
	CONSTRAINT id_autor_fk_art FOREIGN KEY (id_autor) REFERENCES accounts (id),
	CONSTRAINT id_under_category_fk FOREIGN KEY (id_under_category) REFERENCES under_category_articles (id)
);

-- Рейтинг по статьям: (кто кому поставил + или минус): один пользователь может дать только 1 оценку другому по 1й публикации
-- или комментарию. Но сколько угодно - по разным публикациям и комментам 1му пользователю.
DROP TABLE IF EXISTS raiting_voiting_articles;
CREATE TABLE raiting_voiting_articles (
	from_voit_id bigint UNSIGNED NOT NULL,	
	id_article bigint UNSIGNED NOT NULL,
	-- поставил +1 или поставил -1. Не использую enum, тк в нем возможны только строки, типа ("1","-1")
	evaluation TINYINT DEFAULT null, 
	PRIMARY KEY (from_voit_id, id_article),
	evaluated_at datetime DEFAULT current_timestamp ON UPDATE current_timestamp,
	CONSTRAINT from_voit_id_fk_rait_art FOREIGN KEY (from_voit_id) REFERENCES accounts (id),
	CONSTRAINT id_article_fk FOREIGN KEY (id_article) REFERENCES articles (id),
	CONSTRAINT check_value_rva CHECK (evaluation IN (-1, 1)));

-- Комментарии пользователей
DROP TABLE IF EXISTS comments;
CREATE TABLE comments (
	id bigint UNSIGNED NOT NULL PRIMARY KEY AUTO_INCREMENT,
	id_autor_comments bigint UNSIGNED NOT NULL,
	id_article bigint UNSIGNED NOT NULL,
	created_at datetime DEFAULT current_timestamp,
	updated_at datetime DEFAULT current_timestamp ON UPDATE current_timestamp,
	comment text NOT NULL,
	INDEX id_article_ind (id_article),
	INDEX id_autor_comments_ind (id_autor_comments),
	CONSTRAINT id_autor_comments_fk FOREIGN KEY (id_autor_comments) REFERENCES accounts (id),
	CONSTRAINT id_article_fk_com FOREIGN KEY (id_article) REFERENCES articles (id)
);

-- голосование за комментарии
DROP TABLE IF EXISTS raiting_voiting_comments;
CREATE TABLE raiting_voiting_comments (
	from_voit_id bigint UNSIGNED NOT NULL,	
	id_comments bigint UNSIGNED NOT NULL,
	-- поставил +1 или поставил -1. Не использую enum, тк в нем возможны только строки, типа ("1","-1")
	evaluation TINYINT DEFAULT null, 
	PRIMARY KEY (from_voit_id, id_comments),
	evaluated_at datetime DEFAULT current_timestamp ON UPDATE current_timestamp,
	INDEX from_voit_id_ind (from_voit_id),
	CONSTRAINT from_voit_id_fk_rait_com FOREIGN KEY (from_voit_id) REFERENCES accounts (id),
	CONSTRAINT id_comments_fk FOREIGN KEY (id_comments) REFERENCES comments (id),
	CONSTRAINT check_value_rvc CHECK (evaluation IN (-1, 1, NULL)));

-- Рейтинг: на хабр он зависит не только от голосований пользователей (не является прямой суммой голосов за посты
-- + голосов за комменты): с течением времени рейтинг понижается, если пользователь ничего не публикует, например.
DROP TABLE IF EXISTS raiting;
CREATE TABLE raiting (
	user_id bigint UNSIGNED NOT NULL PRIMARY KEY,
	raiting bigint NULL, -- может быть отрицательным
	CONSTRAINT user_id_fk_rait FOREIGN KEY (user_id) REFERENCES accounts (id)
);


-- Интересы пользователей (какие категории они добавили в отслеживание) (определяет, какая лента будет показываться,
-- когда пользователь заходит на сайт, + отображается в профиле
DROP TABLE IF EXISTS users_interests;
CREATE TABLE users_interests (
	user_id bigint UNSIGNED NOT NULL,
	under_category_articles_id bigint UNSIGNED NOT NULL, -- связь с разделами
	PRIMARY KEY (user_id, under_category_articles_id),
	CONSTRAINT user_id_fk_us_inter FOREIGN KEY (user_id) REFERENCES accounts (id),
	CONSTRAINT under_category_articles_id_fk FOREIGN KEY (under_category_articles_id) REFERENCES under_category_articles (id)
);


-- Подписчики пользователей
DROP TABLE IF EXISTS subscribers;
CREATE TABLE subscribers(
	user_id bigint UNSIGNED NOT NULL,
	subscriber_id bigint UNSIGNED NOT NULL,
	PRIMARY KEY (user_id, subscriber_id),
	CONSTRAINT user_id_fk_subscr FOREIGN KEY (user_id) REFERENCES accounts (id),
	CONSTRAINT subscriber_id_fk_subscr FOREIGN KEY (subscriber_id) REFERENCES accounts (id),
	CONSTRAINT not_equal_check_s CHECK (user_id != subscriber_id)
);


-- Диалоги
DROP TABLE IF EXISTS messages;
CREATE TABLE messages (
	id bigint UNSIGNED NOT NULL PRIMARY KEY AUTO_INCREMENT,
	from_id bigint UNSIGNED NOT NULL,
	to_id bigint UNSIGNED NOT NULL,
	message text NOT NULL,
	is_readed boolean DEFAULT 0,
	created_at datetime DEFAULT current_timestamp,
	updated_at datetime DEFAULT current_timestamp ON UPDATE current_timestamp,
	CONSTRAINT from_id_fk FOREIGN KEY (from_id) REFERENCES accounts (id),
	CONSTRAINT to_id_fk FOREIGN KEY (to_id) REFERENCES accounts (id),
	CONSTRAINT not_equal_check CHECK (from_id != to_id)
);

-- Компании
DROP TABLE IF EXISTS company;
CREATE TABLE company (
	id bigint UNSIGNED NOT NULL PRIMARY KEY AUTO_INCREMENT,
	name varchar (300) NOT NULL,
	about_company text,
	foundated_at date,
	registrated_at datetime DEFAULT current_timestamp,
	city_id bigint UNSIGNED NOT NULL,
	site varchar (300),
	n_people bigint,
	represented_by_id bigint UNSIGNED NOT NULL,
	INDEX name_ind (name),
	CONSTRAINT represented_by_id_fk FOREIGN KEY (represented_by_id) REFERENCES accounts (id),
	CONSTRAINT id_cities_fk_comp FOREIGN KEY (city_id) REFERENCES cities (id)
);

-- Сотрудники компаний
DROP TABLE IF EXISTS personal;
CREATE TABLE personal (
	user_id bigint UNSIGNED NOT NULL, -- связаны с пользователями 1 к 1
	company_id bigint UNSIGNED NOT NULL,
	PRIMARY KEY (user_id, company_id), -- в теории можно работать больше чем в одной компании
	CONSTRAINT user_id_fk_pers FOREIGN KEY (user_id) REFERENCES accounts (id),
	CONSTRAINT company_id_fk_pers FOREIGN KEY (company_id) REFERENCES company (id)
);

-- Подписчики компаний
DROP TABLE IF EXISTS company_subscribers;
CREATE TABLE company_subscribers(
	company_id bigint UNSIGNED NOT NULL,
	subscriber_id bigint UNSIGNED NOT NULL,
	PRIMARY KEY (company_id, subscriber_id),
	CONSTRAINT company_id_fk_comp_subscr FOREIGN KEY (company_id) REFERENCES company (id),
	CONSTRAINT subscriber_id_fk_comp_subscr FOREIGN KEY (subscriber_id) REFERENCES accounts (id)
);

-- блоги компании
DROP TABLE IF EXISTS company_blogs;
CREATE TABLE company_blogs (
	id bigint UNSIGNED NOT NULL PRIMARY KEY AUTO_INCREMENT,
	company_id bigint UNSIGNED NOT NULL,
	author_id bigint UNSIGNED NOT NULL, -- т.к. юзер моет быть более чем в 1й компании, company_id не следует из author_id
	post text NOT NULL,
	id_under_category bigint UNSIGNED NOT NULL,
	created_at datetime DEFAULT current_timestamp,
	INDEX company_id_ind (company_id),
	INDEX id_under_category_ind (id_under_category),
	updated_at datetime DEFAULT current_timestamp ON UPDATE current_timestamp,
	CONSTRAINT company_id_fk_comp_bl FOREIGN KEY (company_id) REFERENCES company (id),
	CONSTRAINT author_id_fk_comp_bl FOREIGN KEY (author_id) REFERENCES accounts (id),
	CONSTRAINT id_under_category_fk_comp_bl FOREIGN KEY (id_under_category) REFERENCES under_category_articles (id)
);

-- Кто поставил плюс или минус статье в блоге компаний. На статьи рейтинг со временем не снижается, поэтому его можно
-- считать суммой, а также рейтинг компании определяется суммой рейтинга по статьям
DROP TABLE IF EXISTS raiting_voiting_company_blogs;
CREATE TABLE raiting_voiting_company_blogs (
	from_voit_id bigint UNSIGNED NOT NULL,	
	id_post bigint UNSIGNED NOT NULL,
	-- поставил +1 или поставил -1. Не использую enum, тк в нем возможны только строки, типа ("1","-1")
	evaluation TINYINT DEFAULT null, 
	PRIMARY KEY (from_voit_id, id_post),
	evaluated_at datetime DEFAULT current_timestamp ON UPDATE current_timestamp,
	INDEX from_voit_id_ind (from_voit_id),
	CONSTRAINT from_voit_id_fk_comp_bl FOREIGN KEY (from_voit_id) REFERENCES accounts (id),
	CONSTRAINT id_post_fk_comp_bl FOREIGN KEY (id_post) REFERENCES company_blogs (id),
	CONSTRAINT check_value_fk CHECK (evaluation IN (-1, 1, NULL)));

-- Комментарии пользователей к блогам компаний
DROP TABLE IF EXISTS blog_comments;
CREATE TABLE blog_comments (
	id bigint UNSIGNED NOT NULL PRIMARY KEY AUTO_INCREMENT,
	id_autor_comments bigint UNSIGNED NOT NULL,
	id_post bigint UNSIGNED NOT NULL,
	created_at datetime DEFAULT current_timestamp,
	updated_at datetime DEFAULT current_timestamp ON UPDATE current_timestamp,
	comment text,
	INDEX id_autor_comments_ind (id_autor_comments),
	CONSTRAINT id_autor_comments_fk_bl_comp FOREIGN KEY (id_autor_comments) REFERENCES accounts (id),
	CONSTRAINT id_post_fk_bl_comp FOREIGN KEY (id_post) REFERENCES company_blogs (id)
);

-- голосование за комментарии к блогам компаний
DROP TABLE IF EXISTS raiting_voiting_blog_comments;
CREATE TABLE raiting_voiting_blog_comments (
	from_voit_id bigint UNSIGNED NOT NULL,	
	id_comments bigint UNSIGNED NOT NULL,
	-- поставил +1 или поставил -1. Не использую enum, тк в нем возможны только строки, типа ("1","-1")
	evaluation TINYINT DEFAULT null, 
	PRIMARY KEY (from_voit_id, id_comments),
	evaluated_at datetime DEFAULT current_timestamp ON UPDATE current_timestamp,
	CONSTRAINT from_voit_id_fk_rvc FOREIGN KEY (from_voit_id) REFERENCES accounts (id),
	CONSTRAINT id_comments_fk_rvc FOREIGN KEY (id_comments) REFERENCES blog_comments (id),
	CONSTRAINT check_value_fk_rvc CHECK (evaluation IN (-1, 1, NULL)));


-- Тип занятости (полный рабочий день, частичная занятость и т.д.)
DROP TABLE IF EXISTS type_work;
CREATE TABLE type_work (
	id bigint UNSIGNED NOT NULL PRIMARY KEY AUTO_INCREMENT,
	description varchar (350) NOT NULL
);

-- Вакансии (на самом деле, этот раздел напрямую связан с Habr Карьера, но тогда нужно будет еще для этого раздела 
-- делать дополнительно таблицы).
DROP TABLE IF EXISTS vacancies;
CREATE TABLE vacancies (
	id bigint UNSIGNED NOT NULL PRIMARY KEY AUTO_INCREMENT,
	company_id bigint UNSIGNED NOT NULL,
	description text NOT NULL,
	requirements text NOT NULL,
	add_requirements text NOT NULL, -- "Также приветствуются навыки"
	suggestion text NOT NULL, -- "Предлагаем условия"
	city_id bigint UNSIGNED NOT NULL,
	type_work_id bigint UNSIGNED NOT NULL,
	salary bigint UNSIGNED,
	is_remote_allowed boolean, -- возможность удаленно
	created_at datetime DEFAULT current_timestamp,
	updated_at datetime DEFAULT current_timestamp ON UPDATE current_timestamp,
	INDEX company_id_ind (company_id),
	INDEX city_id_ind (city_id),
	INDEX type_work_id_ind (type_work_id),
	CONSTRAINT company_id_fk_vac FOREIGN KEY (company_id) REFERENCES company (id),
	CONSTRAINT id_cities_fk_vac FOREIGN KEY (city_id) REFERENCES cities (id),
	CONSTRAINT type_work_id_fk_vac FOREIGN KEY (type_work_id) REFERENCES type_work (id)	
);

-- Хабр Q&A

-- Вопросы
DROP TABLE IF EXISTS questions;
CREATE TABLE questions (
	id bigint UNSIGNED NOT NULL PRIMARY KEY AUTO_INCREMENT,
	author_id bigint UNSIGNED NOT NULL,
	question text NOT NULL,
	created_at datetime DEFAULT current_timestamp,
	updated_at datetime DEFAULT current_timestamp ON UPDATE current_timestamp,
	difficulty enum ("Простой", "Средний", "Сложный") NOT NULL,
	id_under_category bigint UNSIGNED NOT NULL,
	INDEX author_id_ind (author_id),
	INDEX difficulty_ind (difficulty),
	CONSTRAINT author_id_fk_q FOREIGN KEY (author_id) REFERENCES accounts (id),
	CONSTRAINT id_under_category_q FOREIGN KEY (id_under_category) REFERENCES under_category_articles (id)
);

-- Ответы
DROP TABLE IF EXISTS answers;
CREATE TABLE answers (
	id bigint UNSIGNED NOT NULL PRIMARY KEY AUTO_INCREMENT,
	author_id bigint UNSIGNED NOT NULL, -- кто ответил. МОЖЕТ совпадать с автором (т.к. там переписка по типу форума)
	question_id bigint UNSIGNED NOT NULL,
	answer text NOT NULL,
	created_at datetime DEFAULT current_timestamp,
	updated_at datetime DEFAULT current_timestamp ON UPDATE current_timestamp,
	INDEX author_id_ind (author_id),
	CONSTRAINT author_id_fk_a FOREIGN KEY (author_id) REFERENCES accounts (id),
	CONSTRAINT question_id_fk_a FOREIGN KEY (question_id) REFERENCES questions (id)
);


-- Кто посмотрел
DROP TABLE IF EXISTS q_views;
CREATE TABLE q_views (
	id bigint UNSIGNED NOT NULL PRIMARY KEY AUTO_INCREMENT, -- нужен, т.к. (who_viewed_id, question_id) не уникальны
	who_viewed_id bigint UNSIGNED NOT NULL, -- 1 юзер может смотреть > 1 раза, и количество просмотров будет расти (проверила)
	question_id bigint UNSIGNED NOT NULL,	
	CONSTRAINT who_viewed_id_fk_qv FOREIGN KEY (who_viewed_id) REFERENCES accounts (id),
	CONSTRAINT question_id_fk_qv FOREIGN KEY (question_id) REFERENCES questions (id)
);

-- Кто подписался отслеживать вопрос
DROP TABLE IF EXISTS question_suscribers;
CREATE TABLE question_suscribers (
	who_suscribed bigint UNSIGNED NOT NULL, 
	question_id bigint UNSIGNED NOT NULL,
	PRIMARY KEY (who_suscribed, question_id),
	is_suscribed boolean DEFAULT TRUE, -- может отписаться
	INDEX who_suscribed_ind (who_suscribed),
	CONSTRAINT who_suscribed_fk_qs FOREIGN KEY (who_suscribed) REFERENCES accounts (id),
	CONSTRAINT question_id_fk_qs FOREIGN KEY (question_id) REFERENCES questions (id)
);

-- Кто лайкнул вопрос
DROP TABLE IF EXISTS question_likes;
CREATE TABLE question_likes (
	who_liked bigint UNSIGNED NOT NULL, 
	question_id bigint UNSIGNED NOT NULL,
	PRIMARY KEY (who_liked, question_id),
	is_liked boolean DEFAULT TRUE, -- может снять лайк
	CONSTRAINT who_liked_fk_ql FOREIGN KEY (who_liked) REFERENCES accounts (id),
	CONSTRAINT question_id_fk_ql FOREIGN KEY (question_id) REFERENCES questions (id)
);

-- Кто лайкнул ответ
DROP TABLE IF EXISTS answers_likes;
CREATE TABLE answers_likes (
	who_liked bigint UNSIGNED NOT NULL, 
	answer_id bigint UNSIGNED NOT NULL,
	PRIMARY KEY (who_liked, answer_id),
	is_liked boolean DEFAULT TRUE, -- может снять лайк
	CONSTRAINT who_liked_fk_al FOREIGN KEY (who_liked) REFERENCES accounts (id),
	CONSTRAINT answer_id_fk_al FOREIGN KEY (answer_id) REFERENCES answers (id)
);

-- ----------------------------------------------------------------------------------------------------------------------
-- ----------------------------------------------------------------------------------------------------------------------
-- ----------------------------------------------------------------------------------------------------------------------

SHOW tables;


-- 4 - создать ERDiagram для БД;

-- Файл сохранен в формате png (в папке проекта). 

-- 5 - скрипты наполнения БД данными;

-- Скрипт заполнения 
-- К сожалению, http://filldb.info/ смог заполнить только ряд таблиц (просто игнорировал таблицы). И отдал "сломанный" скрипт.
-- Поэтому заполняла кусками, и скрипт проще представить в таком виде:
INSERT INTO accounts VALUES (1,'carleton.lueilwitz','7e5f9792764b5434b6fb686dfb1bb00aeabbbb30','vita10@example.com',1,'2020-05-02 19:49:49','1970-01-01 00:00:00'),(2,'qflatley','65000e1db6735aa7c1bad392e315b20f42f49fc4','corkery.gladyce@example.net',1,'2020-10-08 12:09:08','1970-01-01 00:00:00'),(3,'zswaniawski','dc104e0e3af93fd1b8042211cafcc3bdccba01ed','geraldine35@example.net',1,'2021-02-12 17:52:46','1970-01-01 00:00:00'),(4,'conn.ruthe','80bc2b64438c6322f5a66c3c70b236e87fac0cca','prosacco.alfredo@example.net',0,'2021-01-10 13:11:24','1970-01-01 00:00:00'),(5,'mcclure.walker','79be5d9748a9f63729a07c2f9a5c705d14d32fb6','yturner@example.com',1,'2020-09-22 03:48:04','1970-01-01 00:00:00'),(6,'jovani.wilkinson','9ec3ea22e7736b22fc10258fa5d15fd432f8e626','bonita.turcotte@example.net',1,'2020-06-01 02:17:05','1970-01-01 00:00:00'),(7,'dell.ritchie','c2db836faa87e7a3e4d644a997729b66d688855d','von.devonte@example.com',1,'2020-04-20 17:02:39','1970-01-01 00:00:00'),(8,'bart.reinger','43c48af36436c6dcf4e256122a31fda9add3832c','drunte@example.org',1,'2021-02-28 02:56:49','1970-01-01 00:00:00'),(9,'bauch.mustafa','fddcc840c4ef3f36c9e0818db93b91bca975206a','carmel.larson@example.com',1,'2020-08-01 04:50:33','1970-01-01 00:00:00'),(10,'yost.robb','b80db3d1f59ea639003b0bb87633251c97204c2c','yundt.cesar@example.org',1,'2020-10-28 00:15:05','1970-01-01 00:00:00'),(11,'felipa.hauck','24831fb760aa931d9621a976d9cb8b5c4bafe757','hyatt.kianna@example.com',1,'2020-07-01 10:14:10','1970-01-01 00:00:00'),(12,'jpouros','25065709198e5c8b11e400e4d7d4d563f828390f','yolanda.miller@example.org',1,'2020-04-30 18:47:15','1970-01-01 00:00:00'),(13,'berenice01','4f3d0cbf2665e4ffcff651570d8a925465b21935','jast.raegan@example.org',1,'2020-08-26 17:58:23','1970-01-01 00:00:00'),(14,'lthompson','747d00619135eeeb9f821ab2c70fff965fe8be80','garret30@example.net',1,'2020-11-27 23:27:19','1970-01-01 00:00:00'),(15,'matt80','285b471a68aba9f7bd4baa6e5c12d5f3bf4854cb','ida.macejkovic@example.org',1,'2020-07-18 04:15:24','1970-01-01 00:00:00'),(16,'cleo31','ca09b45362053f4a62762581aef656b3b9f0b304','wmoen@example.net',1,'2020-06-11 15:25:49','1970-01-01 00:00:00'),(17,'panderson','d38f8ed2b73cd0b8077498bc4fea239210af2746','ullrich.davonte@example.org',1,'2020-07-22 07:18:01','1970-01-01 00:00:00'),(18,'moore.shirley','a9426281cb5e29b73eabe46407a7391e9ae7fccc','gboyer@example.com',1,'2020-11-20 14:33:47','1970-01-01 00:00:00'),(19,'madge29','d2173f3874deeb1310154d69333336d98e792bfe','tdouglas@example.com',1,'2020-05-16 01:47:36','1970-01-01 00:00:00'),(20,'glennie.schaden','6f7bcd0ea518e238af1539d8f18da955400fa10b','simeon.howe@example.net',1,'2020-09-07 16:08:45','1970-01-01 00:00:00'),(21,'hallie71','0a9fb1f912f4346d391f8b42409650146d236c1f','jerde.nick@example.org',1,'2020-08-30 02:02:01','1970-01-01 00:00:00'),(22,'virginia01','dec921bd60e867c4c2c8262d948bbcfafa3dea3b','becker.antoinette@example.com',1,'2021-02-20 11:18:24','1970-01-01 00:00:00'),(23,'emery.wyman','6b7a38621fad6421d846dd83a843f0f8b4c5ea16','nicholaus.funk@example.net',1,'2020-11-22 22:51:25','1970-01-01 00:00:00'),(24,'donato.bailey','7379317509c3204011fad9d74bf8d6e10c1a273e','gladyce80@example.com',0,'2021-03-24 15:46:27','1970-01-01 00:00:00'),(25,'alanna25','e550f8b4bc1e1ba89f293f79ec08d64d2d9a998b','ebruen@example.net',1,'2020-08-25 08:46:39','1970-01-01 00:00:00'),(26,'quentin59','552320db5680c78950b9d6ab72e3ca102da1d189','clement.bosco@example.com',1,'2020-11-02 20:30:09','1970-01-01 00:00:00'),(27,'kaleb90','472599d6f98fe3f65af0b7c5200553e96f933bb8','terry.bosco@example.org',1,'2020-10-11 12:35:00','1970-01-01 00:00:00'),(28,'blick.edwina','bbd15ce546d7a38e537cc67cdb3bea5dfba59da7','keegan.gerhold@example.org',1,'2020-07-28 19:39:34','1970-01-01 00:00:00'),(29,'flatley.violette','fbd145c13b4f4d1120b4070a1338e6cbea6547a6','uwehner@example.org',1,'2020-07-11 13:46:14','1970-01-01 00:00:00'),(30,'elnora00','e843fe52a4889daa7d50db3bf3cfc12bf1bdbe32','schneider.deontae@example.org',1,'2020-10-12 17:22:20','1970-01-01 00:00:00'),(31,'maybelle.schmitt','ce8081b04111a73dc4679df0ce876bd48f3313dd','hjast@example.org',1,'2020-11-25 06:55:44','1970-01-01 00:00:00'),(32,'karlee.botsford','29dc1e0b1ee31cd61fd36ce4bb98b34a780e74d2','jenkins.jewel@example.net',0,'2020-08-12 00:57:39','1970-01-01 00:00:00'),(33,'rolando27','e17003f8167fbea768440a523ad1616db8f1a1df','yherzog@example.net',0,'2021-02-14 12:36:28','1970-01-01 00:00:00'),(34,'welch.rogelio','8b8a25cadde27f72be7f66840b4ecac0413bb3a7','ignacio.barrows@example.com',1,'2021-01-07 06:59:48','1970-01-01 00:00:00'),(35,'qhaley','08dabf56b00c64b54a8e11b4a38c6de2669b7b64','mfisher@example.org',1,'2020-12-22 21:07:57','1970-01-01 00:00:00'),(36,'rubie.howell','81de57f640c7f58dc79d621ecb373756ed21311c','pollich.roscoe@example.com',1,'2020-12-14 10:30:05','1970-01-01 00:00:00'),(37,'qmetz','2a01d82986207d18810a3117fe24dea24db6be46','cruickshank.silas@example.net',1,'2020-05-16 04:58:05','1970-01-01 00:00:00'),(38,'murl.dickens','bdcb380800d8315c5af10d9f8c7dd823b608e279','dkub@example.com',1,'2021-01-05 01:42:44','1970-01-01 00:00:00'),(39,'ygoldner','dfa660439a6acf679549a32a981708abf7f6b850','torp.antone@example.org',1,'2020-04-20 18:19:54','1970-01-01 00:00:00'),(40,'konopelski.carolina','2b4961b43d71c39b5d81a9a7fefd0d29003eeae0','brenna.crooks@example.com',1,'2020-09-14 14:32:26','1970-01-01 00:00:00'),(41,'kaelyn85','ee851105b144a27e4a195b0df6eaf831cdcacd2a','arthur.beatty@example.org',1,'2020-10-22 16:39:21','1970-01-01 00:00:00'),(42,'lennie69','44792d992e287572dad4ac6c73444e4f3d052dae','powlowski.harmony@example.org',1,'2020-11-14 17:32:09','1970-01-01 00:00:00'),(43,'tbartell','e50e55de86dec7b2af80ae27f69f8849b237ba96','luettgen.baron@example.org',1,'2021-03-11 12:57:03','1970-01-01 00:00:00'),(44,'vgleichner','9be3b1d7eff765d941c354d7d9d0a7a1f290bd31','roob.dejon@example.net',1,'2020-08-12 03:48:24','1970-01-01 00:00:00'),(45,'misael05','a3e6a8991d68327145fadc7f2a23292923c0b208','oberbrunner.vita@example.net',0,'2020-09-30 12:01:11','1970-01-01 00:00:00'),(46,'reese.douglas','611ea854391dfcfb3eef6eeb2c4e5c49f5528392','ankunding.dorthy@example.org',1,'2020-06-19 01:31:57','1970-01-01 00:00:00'),(47,'domenick.o\'hara','adaf5b291833fc7dcb84bceb90c1fe26bec32666','schumm.ivory@example.com',1,'2020-11-16 10:45:31','1970-01-01 00:00:00'),(48,'rcarter','14fe5efffe3288df086b18446fbba02af52c6429','prohaska.veronica@example.net',1,'2020-04-05 08:37:39','1970-01-01 00:00:00'),(49,'maci32','fc0185330b5462e30296fcc00f3dc68f82d796fe','smitham.may@example.com',1,'2020-12-10 20:03:28','1970-01-01 00:00:00'),(50,'gibson.allene','286478b736c5ad0b13bc8037497fbe2f0381e151','karley.rosenbaum@example.org',1,'2021-02-24 18:54:02','1970-01-01 00:00:00'),(51,'hirthe.lily','2c041153d7d60af7049ec9dd5a29bb449a416793','leola11@example.com',0,'2021-03-10 05:43:10','1970-01-01 00:00:00'),(52,'angeline.lakin','84599f0c866fefcffcc69e01cf1ab747400cead4','schumm.jerel@example.com',1,'2020-07-08 17:54:57','1970-01-01 00:00:00'),(53,'jamarcus.upton','a04473ca2108c27c05fd46c499d90d67f1aae7ff','elwyn.hand@example.org',1,'2020-06-25 12:23:40','1970-01-01 00:00:00'),(54,'julie51','1f26f713f6f8ec70b00fc893c47ac782d69264b4','cary.zulauf@example.net',1,'2020-10-07 15:12:19','1970-01-01 00:00:00'),(55,'hermann.dalton','722d5317b8519ba85e6fa8fa4c18d5fa714ffc5e','minerva28@example.net',1,'2020-06-05 21:39:23','1970-01-01 00:00:00'),(56,'hschowalter','9b1722b7ac4c86c6ee81412f630c18bd4339dd52','tmckenzie@example.net',1,'2020-05-23 09:18:26','1970-01-01 00:00:00'),(57,'jzulauf','37877f3395b8a0798e9b565df12682b6eac44121','dejon.harvey@example.org',1,'2020-11-24 14:58:25','1970-01-01 00:00:00'),(58,'lura.sawayn','3d09c0cf05c64497d592c9949e7dca1cdfd310ba','may.hilpert@example.org',1,'2021-03-26 20:01:34','1970-01-01 00:00:00'),(59,'lora.kutch','2b7fc45eced3f1dda9c901792b553c9c1f4f0a4d','genesis.pollich@example.net',1,'2021-01-11 21:41:41','1970-01-01 00:00:00'),(60,'audrey.hyatt','f90ebd2f84015367ff80852c1a144ce952077b25','yundt.treva@example.org',0,'2021-03-27 06:32:08','1970-01-01 00:00:00'),(61,'kutch.rachelle','e84245f536dff9cabf8cbc45ba7cb996fc8bc7c2','qpowlowski@example.com',1,'2021-03-02 14:55:40','1970-01-01 00:00:00'),(62,'genoveva.murazik','cc3429843fcbd4e68c7af8ae5ae924f9e81e7417','nannie41@example.org',1,'2020-09-12 23:24:58','1970-01-01 00:00:00'),(63,'reymundo71','62b5e40b5da79ccdb717d14c86221bf198d7bb1e','pspinka@example.com',0,'2020-10-06 12:15:03','1970-01-01 00:00:00'),(64,'mlegros','b3cebe0654dcacdd5a5bd7a07056e6dfee67de7d','lilla.sauer@example.net',1,'2020-04-10 21:10:10','1970-01-01 00:00:00'),(65,'claudine.nienow','07631595918ccb0cc2aa9274c7e5a840a553b0b6','olga46@example.org',1,'2020-07-29 04:17:18','1970-01-01 00:00:00'),(66,'dejon04','f4cba5aed70fe580bcd671a47060780765477ec3','joannie84@example.net',1,'2020-11-15 00:45:42','1970-01-01 00:00:00'),(67,'powlowski.mellie','13bee44ba3a3d4d87cc62bb43b7eba11503493e4','julio97@example.com',1,'2020-09-22 08:29:23','1970-01-01 00:00:00'),(68,'floy52','93d7045e801ff4ea351f8460c323218553d68894','delphine49@example.org',1,'2021-02-01 02:00:02','1970-01-01 00:00:00'),(69,'leonie19','3a92debad488da7125d311eb458d83e58524d597','qpfannerstill@example.org',1,'2021-01-02 05:05:31','1970-01-01 00:00:00'),(70,'peyton37','ee88b8a6e52aac015a3a086b6e610d58bfbe1382','hardy.batz@example.com',0,'2020-08-06 11:21:26','1970-01-01 00:00:00'),(71,'annie26','e061590b6f10f9fccd2410f6da0a87c42b1804a3','triston44@example.net',1,'2020-10-22 15:17:04','1970-01-01 00:00:00'),(72,'albin57','1bd30ca3f0a527a96a79833b4782584c26b73b6b','llarson@example.net',1,'2020-05-05 10:20:10','1970-01-01 00:00:00'),(73,'emanuel39','d79ddc1a56e754c808f368395bca5c8bbc2c8c15','reagan.bednar@example.org',1,'2020-05-14 06:43:33','1970-01-01 00:00:00'),(74,'sigmund.wolff','24d83480ef12bab374b6063ca814fe78ee3544b6','esther85@example.net',1,'2021-01-12 17:19:34','1970-01-01 00:00:00'),(75,'tlind','d8470a769761317015ff03fbbdcc8caca927b6cd','melyssa89@example.net',1,'2020-04-18 18:18:41','1970-01-01 00:00:00'),(76,'leonard60','da6008050ba98ea407cd4ee19b7146de12036a0d','heaney.gus@example.net',1,'2020-06-21 08:34:50','1970-01-01 00:00:00'),(77,'legros.chad','b7b9e400d74fddf0184196fe43c500564d780f6e','fermin.casper@example.org',1,'2020-11-05 13:30:45','1970-01-01 00:00:00'),(78,'myriam01','e72d49a5e8d024afe03f0b44d614df6dcf0ba4cb','botsford.eladio@example.net',0,'2020-10-27 23:00:03','1970-01-01 00:00:00'),(79,'helga.pacocha','10e910a6a6442f3847b8ef30d3031a025e0183aa','schmeler.felicita@example.org',0,'2020-09-22 20:22:27','1970-01-01 00:00:00'),(80,'o\'keefe.delpha','1570782fef2664acbf4520babc0904f2ea00ced8','heaney.kailey@example.com',1,'2020-09-23 07:52:20','1970-01-01 00:00:00'),(81,'nhaag','77e8e64259800bfa16276246a056339d8d2d0ce6','candelario.kertzmann@example.net',1,'2020-07-05 09:10:33','1970-01-01 00:00:00'),(82,'dmayer','c9b9418c82d4fe429f7f657ee2e35fc1bcf43a9a','ankunding.madyson@example.net',1,'2020-10-16 09:43:29','1970-01-01 00:00:00'),(83,'greenholt.lavon','f2802bed9122f89f4c70034dd512b01f049813c6','kaci88@example.com',1,'2020-05-11 18:15:07','1970-01-01 00:00:00'),(84,'oreilly','f8cb4f5a208dcfeb8d24905e7178e99154fc8bde','kemmer.manuela@example.com',1,'2020-12-19 08:19:49','1970-01-01 00:00:00'),(85,'fsanford','601765dbd818677feede90c0c0bdbad68f2a8ba5','brady95@example.org',1,'2020-10-11 03:56:33','1970-01-01 00:00:00'),(86,'yroob','635864907b06e4be2e6ee4867af0c608eb247025','jvandervort@example.com',0,'2020-11-14 00:00:38','1970-01-01 00:00:00'),(87,'arutherford','e3e4f0fdd0828d8d4f8d04cf8d82058873931862','deckow.lilly@example.com',1,'2021-02-23 22:35:51','1970-01-01 00:00:00'),(88,'nora11','6a221938c41a5fbe0e90796119ec95b49797d8e3','xtillman@example.org',1,'2020-10-21 14:14:41','1970-01-01 00:00:00'),(89,'kabernathy','bc57c122dfe10ddd9a67227d8f0d8a68bdd3bec4','osinski.nigel@example.com',1,'2021-03-27 17:02:35','1970-01-01 00:00:00'),(90,'barton.fermin','b9402c8eb74c81b799ac82a6dd6fee3473e939b2','mmurphy@example.com',1,'2020-09-02 19:03:37','1970-01-01 00:00:00'),(91,'kohler.zoey','c13715d67f3b1a4f332d258defa10e0e0f010c61','scarlett.willms@example.com',1,'2020-09-30 21:39:00','1970-01-01 00:00:00'),(92,'sarina94','56cd7ebeeb183305779315d57a976e0f4f7446bc','akuhlman@example.com',1,'2020-06-24 16:33:58','1970-01-01 00:00:00'),(93,'iharvey','94993c3414d6e85325d144d0dfd2fbcebaa5adfa','donnelly.kendra@example.com',1,'2020-11-25 12:00:49','1970-01-01 00:00:00'),(94,'madilyn15','8375143620c891bb3b725f6bb39db4637b16ca4e','bpfeffer@example.org',1,'2020-09-30 17:23:46','1970-01-01 00:00:00'),(95,'bins.kim','2fb74580c1759d11a758a2acf66fef26ddcf8314','kohler.alta@example.org',1,'2020-05-01 16:43:00','1970-01-01 00:00:00'),(96,'kgerlach','1931c5afcd4b15d7e3012c07fa47d84e526c7e64','erowe@example.org',1,'2020-12-18 18:35:29','1970-01-01 00:00:00'),(97,'eden70','6afdf3a0a7209a4b48ff2566e426a824e00398cf','madyson.cummings@example.com',1,'2020-11-08 08:48:58','1970-01-01 00:00:00'),(98,'morissette.joany','4687fb609d8f95780f10768a8670b88602249b09','altenwerth.collin@example.com',0,'2020-05-26 16:32:15','1970-01-01 00:00:00'),(99,'sauer.doug','21992abf820897c00e1f722f90046e3e38702288','tschiller@example.org',1,'2020-08-05 13:48:25','1970-01-01 00:00:00'),(100,'velma49','60d7dc010bad683c6c126ae4befb8cdc7f6d257c','donny94@example.net',1,'2020-06-16 20:41:59','1970-01-01 00:00:00');
INSERT INTO countries VALUES (1,'Senegal'),(2,'Western Sahara'),(3,'Malawi'),(4,'British Virgin Islands'),(5,'Cambodia'),(6,'Niger'),(7,'Isle of Man'),(8,'Cocos (Keeling) Islands'),(9,'Liechtenstein'),(10,'Turks and Caicos Islands'),(11,'Antarctica (the territory South of 60 deg S)'),(12,'Guatemala'),(13,'French Southern Territories'),(14,'Czech Republic'),(15,'Australia'),(16,'Germany'),(17,'Japan'),(18,'Ghana'),(19,'Congo'),(20,'Ukraine'),(21,'Andorra'),(22,'Jamaica'),(23,'Canada'),(24,'Saint Lucia'),(25,'Benin'),(26,'Mongolia'),(27,'Fiji'),(28,'Micronesia'),(29,'Chile'),(30,'Aruba'),(31,'Estonia'),(32,'Namibia'),(33,'United States of America'),(34,'Burundi'),(35,'Korea'),(36,'Tuvalu'),(37,'Lebanon'),(38,'Botswana'),(39,'Malta'),(40,'Vanuatu'),(41,'Netherlands'),(42,'Holy See (Vatican City State)'),(43,'Equatorial Guinea'),(44,'South Africa'),(45,'Qatar'),(46,'San Marino'),(47,'Bulgaria'),(48,'Nicaragua'),(49,'Ecuador'),(50,'Solomon Islands');
INSERT INTO cities VALUES (1,1,'Lake Bridieport'),(2,2,'Lake Elissastad'),(3,3,'West Kiana'),(4,4,'South Dominiqueview'),(5,5,'South Stacey'),(6,6,'Julesview'),(7,7,'East Anahiview'),(8,8,'Greenholtland'),(9,9,'Breanneborough'),(10,10,'West Orabury'),(11,11,'Kiehnton'),(12,12,'Quintonton'),(13,13,'Caesarville'),(14,14,'East Mohammedhaven'),(15,15,'Braunton'),(16,16,'Port Roman'),(17,17,'Rauborough'),(18,18,'South Audie'),(19,19,'Doylechester'),(20,20,'Rollinview'),(21,21,'Shanahanmouth'),(22,22,'North Edna'),(23,23,'Hellertown'),(24,24,'Turnerbury'),(25,25,'Chasitymouth'),(26,26,'Port Anais'),(27,27,'East Joanneside'),(28,28,'Boscoburgh'),(29,29,'Quigleyland'),(30,30,'Lake Don'),(31,31,'East Lethamouth'),(32,32,'Cordiachester'),(33,33,'Jenkinston'),(34,34,'North Susieton'),(35,35,'Keanuhaven'),(36,36,'Pagacmouth'),(37,37,'North Linnieport'),(38,38,'North Shaniafort'),(39,39,'Greenholtstad'),(40,40,'New Gerardotown'),(41,41,'Lake Sven'),(42,42,'Hickleborough'),(43,43,'Jerdeborough'),(44,44,'West Elwin'),(45,45,'Port Ubaldo'),(46,46,'East Rileyport'),(47,47,'Greenhaven'),(48,48,'Kathlynstad'),(49,49,'Lake Tryciaport'),(50,50,'New Amiya'),(51,1,'Hodkiewiczborough'),(52,2,'South Gideon'),(53,3,'Garthport'),(54,4,'West Kirk'),(55,5,'North Myah'),(56,6,'North Cierra'),(57,7,'East Camilaburgh'),(58,8,'Schowalterville'),(59,9,'Port Bonitastad'),(60,10,'Jakubowskiport'),(61,11,'Lake Hilmaland'),(62,12,'Daphnechester'),(63,13,'New Tristonside'),(64,14,'Marcellusborough'),(65,15,'West Lucileview'),(66,16,'Vernerfort'),(67,17,'O\'Reillyberg'),(68,18,'Port Odie'),(69,19,'Funkland'),(70,20,'New Jett'),(71,21,'Schroederburgh'),(72,22,'East Agustinhaven'),(73,23,'South Abdulhaven'),(74,24,'South Antoinettestad'),(75,25,'Hesselborough'),(76,26,'Osvaldoshire'),(77,27,'Lake Marshall'),(78,28,'Kristinachester'),(79,29,'New Brant'),(80,30,'Gorczanyberg'),(81,31,'Lake Wiley'),(82,32,'New Blanca'),(83,33,'East Gayport'),(84,34,'Lake Emilie'),(85,35,'Jocelynstad'),(86,36,'New Chanelleborough'),(87,37,'Adamsberg'),(88,38,'Millsberg'),(89,39,'West Yasmeen'),(90,40,'Beatriceland'),(91,41,'South Alexandro'),(92,42,'East Loganshire'),(93,43,'Homenickport'),(94,44,'New Darronhaven'),(95,45,'Donnellyshire'),(96,46,'Runolfssonland'),(97,47,'Bridgetside'),(98,48,'Kirstenville'),(99,49,'West Ilenechester'),(100,50,'Desmondstad');
INSERT INTO regions VALUES (1,1,'Brooke Tunnel'),(2,2,'Volkman Greens'),(3,3,'Andreanne Center'),(4,4,'Gerhold Way'),(5,5,'Von Knoll'),(6,6,'Veronica Path'),(7,7,'Angus Ford'),(8,8,'Guy Court'),(9,9,'Boyle Hills'),(10,10,'Towne Highway'),(11,11,'Gusikowski Road'),(12,12,'Forrest Run'),(13,13,'Beaulah Passage'),(14,14,'Prosacco Course'),(15,15,'Tromp Junctions'),(16,16,'Moore Vista'),(17,17,'Arthur Cove'),(18,18,'Kerluke Circle'),(19,19,'Considine Squares'),(20,20,'Kirk Spring'),(21,21,'Windler Landing'),(22,22,'Koss Unions'),(23,23,'Farrell Brook'),(24,24,'Betsy Overpass'),(25,25,'Paucek Lodge'),(26,26,'Emile Junction'),(27,27,'Johann Hollow'),(28,28,'Koelpin Loop'),(29,29,'Fabian Club'),(30,30,'Dave Rapids'),(31,31,'Neoma Pine'),(32,32,'Weber Rapids'),(33,33,'Pacocha Forges'),(34,34,'Nolan Centers'),(35,35,'Lawrence Shores'),(36,36,'Botsford Pine'),(37,37,'Forrest Ville'),(38,38,'Terence Flats'),(39,39,'Gisselle Flat'),(40,40,'Tremblay Flats'),(41,41,'Alyson Landing'),(42,42,'Diamond Coves'),(43,43,'Eric Lakes'),(44,44,'Telly Tunnel'),(45,45,'Rice Forges'),(46,46,'Rodriguez Expressway'),(47,47,'Wisoky Valleys'),(48,48,'Kautzer Terrace'),(49,49,'Wilderman Keys'),(50,50,'Herman Isle'),(51,51,'Fisher Plaza'),(52,52,'Bogisich Isle'),(53,53,'Grady Lake'),(54,54,'Phoebe Forges'),(55,55,'Gutmann Rapid'),(56,56,'Montana Lane'),(57,57,'Runte Manor'),(58,58,'Houston Square'),(59,59,'Justus Curve'),(60,60,'Kihn Forges'),(61,61,'Hermann Cove'),(62,62,'Bashirian Path'),(63,63,'Bettye Crest'),(64,64,'Schowalter Points'),(65,65,'Nathan View'),(66,66,'Torp Center'),(67,67,'Kory Springs'),(68,68,'Fritsch Ridges'),(69,69,'Zieme Plain'),(70,70,'Nyah Garden'),(71,71,'Dare Mission'),(72,72,'Earnestine Avenue'),(73,73,'Claudia Meadows'),(74,74,'Mertz Crest'),(75,75,'Crona Shores'),(76,76,'Shemar Mountains'),(77,77,'Haven Avenue'),(78,78,'Hettinger Crossing'),(79,79,'Emily Ridges'),(80,80,'Beatty Isle'),(81,81,'Hoppe Shoal'),(82,82,'Cassandre Canyon'),(83,83,'Spencer Points'),(84,84,'Rogahn Squares'),(85,85,'Wilkinson Centers'),(86,86,'Gleason Spurs'),(87,87,'Nicolette Junction'),(88,88,'Elaina Center'),(89,89,'Josiane Parkways'),(90,90,'Murray Lane'),(91,91,'Lueilwitz Meadows'),(92,92,'Leon Fields'),(93,93,'Mikayla Creek'),(94,94,'Theodora Ways'),(95,95,'Clifton Pine'),(96,96,'Faustino Drive'),(97,97,'Abdul Pass'),(98,98,'Dorothea Forks'),(99,99,'Fritsch Throughway'),(100,100,'Jefferey Valleys'),(101,1,'Belle Road'),(102,2,'Parker Loop'),(103,3,'Judah Mountains'),(104,4,'Brandon Keys'),(105,5,'Yundt Roads'),(106,6,'Mariana Ways'),(107,7,'Alena Keys'),(108,8,'King Mews'),(109,9,'Bailey Drives'),(110,10,'Antone Plains'),(111,11,'Ledner Mall'),(112,12,'Olaf Road'),(113,13,'Ruecker Land'),(114,14,'Layne Green'),(115,15,'Daron Vista'),(116,16,'Edward Ports'),(117,17,'Jaclyn Plaza'),(118,18,'Horacio Way'),(119,19,'Hermiston Cove'),(120,20,'Brooke Summit'),(121,21,'Koss Road'),(122,22,'Medhurst Mews'),(123,23,'Heathcote Brook'),(124,24,'Reichel Shore'),(125,25,'Jay Trafficway'),(126,26,'Kling Corners'),(127,27,'Goldner Gateway'),(128,28,'Deckow Mills'),(129,29,'Green Loaf'),(130,30,'Orie Forge'),(131,31,'Braun Views'),(132,32,'Bartoletti Skyway'),(133,33,'Lura Ports'),(134,34,'Boehm Shoal'),(135,35,'Mariah Trail'),(136,36,'McGlynn Squares'),(137,37,'Erdman Pike'),(138,38,'Lizeth Drive'),(139,39,'German Mountain'),(140,40,'Regan Stream'),(141,41,'Adams Mountains'),(142,42,'Keeley Hills'),(143,43,'Eldon Haven'),(144,44,'Waelchi Port'),(145,45,'Gislason Springs'),(146,46,'Stone Prairie'),(147,47,'Ramiro Canyon'),(148,48,'Lang Station'),(149,49,'Cruickshank Fall'),(150,50,'Lebsack Pines');

INSERT INTO rights VALUES (1,'только чтение','только чтение'),(2,'чтение + комменты','чтение + комменты'),(3,'полноправный аккаунт','полноправный аккаунт');

INSERT INTO profiles VALUES (1,1,'Malvina','Parker','Lind-Jacobs','Пользователь','женский','Libero totam alias eaque fugit quisquam aut. Nemo voluptatem dignissimos quia voluptatibus debitis.',1,1,'1990-08-09 23:57:12','1978-08-01',1),(2,2,'Nickolas','Homenick','McKenzie-Kohler','Пользователь','другой','Libero odit vero sapiente molestiae cum et mollitia. Et excepturi est et distinctio quia sunt. Et omnis mollitia amet hic quis sint rerum.',1,1,'2004-03-28 22:17:53','1999-09-26',2),(3,3,'Tiana','Kilback','Heathcote, Pfannerstill and Thompson','Пользователь','женский','Minus natus sunt perferendis quisquam. Accusantium est debitis id occaecati repudiandae amet fuga. Consectetur et magni voluptatem culpa cumque.',1,1,'1973-11-04 09:37:04','1993-03-03',3),(4,1,'Mattie','Spinka','Rogahn, Stroman and Bernhard','Пользователь','женский','Eos voluptas nemo non repudiandae nesciunt. Ut et dolorum a eum. Consequatur sint unde incidunt consequuntur omnis perferendis corrupti laborum. Ad voluptatum omnis aut molestiae quisquam magni ullam.',1,1,'1992-11-04 00:36:18','1985-05-25',4),(5,2,'Kathlyn','Kiehn','Cartwright-Blick','Пользователь','мужской','Vel vero iusto est nam doloremque. Debitis voluptas odio eos rem dolor. Aut enim omnis et cupiditate. Earum molestiae et ut ducimus voluptas.',1,1,'2004-03-29 09:37:01','1977-07-08',5),(6,3,'Colten','Lindgren','Wunsch, Green and Morar','Пользователь','женский','Modi quasi aut harum inventore sint. Quo quam animi ut est voluptates fugiat accusamus. Natus dicta fugit itaque quod dolor.',1,1,'1989-04-08 02:58:24','1995-04-01',6),(7,1,'Luis','Koch','Christiansen Inc','Пользователь','женский','Illo est possimus dolor incidunt. Voluptatem fuga dolorum quasi ea qui iure. Aliquam voluptas nesciunt numquam adipisci id voluptatum culpa. Voluptatem repudiandae et est ut odit.',1,1,'2001-05-16 23:17:58','1987-02-04',7),(8,2,'Tia','Weimann','Hudson, Glover and Ritchie','Пользователь','другой','Eum et recusandae impedit ipsum odio fuga. Voluptates dolores minima maiores numquam sed autem delectus pariatur. Autem quia et perferendis et fuga. Consequatur modi est id beatae rem.',1,1,'1982-08-26 05:10:11','1976-12-23',8),(9,3,'Zelma','Torp','Larkin-Mertz','Пользователь','другой','Dolorem maiores nihil ut sapiente. Qui quae vel qui doloremque impedit quas fugit modi. Voluptatum iste ab saepe aut exercitationem id. Ut a nobis magni illum esse aliquid.',1,1,'1997-12-28 13:57:46','1996-06-04',9),(10,1,'Abby','Buckridge','Stanton Inc','Пользователь','женский','Non voluptatibus aut provident ex quia illum sit. Libero non assumenda quo aut beatae pariatur occaecati. Perferendis vel dolorem ut esse eos. Iste recusandae alias impedit rerum ut.',1,1,'1984-01-21 19:26:12','1981-03-27',10),(11,2,'Elenor','Sporer','King-Zieme','Пользователь','женский','Ipsum autem id est maiores quibusdam. Molestias quia fugit at voluptas et labore dicta in. Ut quia similique quia aut. Voluptatem neque commodi aut accusamus eum voluptate.',1,1,'2007-11-20 05:12:37','1996-05-14',11),(12,3,'Cecil','Gaylord','Koepp LLC','Пользователь','женский','Sint eaque ratione sunt ea. Ex quaerat excepturi dignissimos ullam accusamus. Recusandae dolor animi officia deserunt a eos.',1,1,'1999-12-15 04:17:31','1985-08-06',12),(13,1,'Adaline','Batz','Durgan Group','Пользователь','женский','Doloribus expedita distinctio consequatur inventore enim distinctio blanditiis autem. Consectetur quia sequi beatae eos. Praesentium accusantium dolor quis numquam eum. Provident aut debitis unde ea.',1,1,'2009-12-30 05:31:09','1976-05-26',13),(14,2,'Loma','Pfannerstill','Lesch-Sipes','Пользователь','женский','Corporis consequatur eum consequuntur debitis et. Ea fuga illo esse. Necessitatibus nihil rerum non necessitatibus vitae assumenda. Voluptas enim quis rem dolor est neque.',1,1,'1982-11-17 11:41:19','1984-04-26',14),(15,3,'Susan','Considine','Schmitt-Kuhn','Пользователь','мужской','Provident eaque natus sit perferendis. Aperiam repudiandae nisi deleniti aut. Sapiente non placeat id eaque id omnis libero non.',1,1,'2019-09-15 12:29:25','2004-03-07',15),(16,1,'Judah','Halvorson','Spencer Group','Пользователь','женский','Nemo non sequi tempora sit earum eaque omnis. Harum cupiditate placeat voluptas aut. Laborum provident nam quaerat.',1,1,'1989-10-12 15:04:19','2014-05-25',16),(17,2,'Jaunita','Dickinson','Nitzsche, Bauch and Hirthe','Пользователь','женский','Voluptates omnis architecto aut distinctio eveniet autem adipisci. Officia maxime dolorum temporibus debitis velit ut aliquam ut. Fuga id et velit accusamus. Enim aut rerum totam doloribus perspiciatis voluptas. Necessitatibus hic rerum molestias.',1,1,'2001-09-23 11:02:31','2006-07-05',17),(18,3,'Beau','Carroll','Emmerich-Langosh','Пользователь','женский','Tempore doloremque sapiente quos molestiae. Delectus qui est ea nihil. Eum ea fuga deleniti vero blanditiis.',1,1,'1997-05-30 04:01:36','1972-11-20',18),(19,1,'Angelita','Hauck','Torphy-Lockman','Пользователь','другой','Libero sit pariatur illum sint harum. Repellendus maiores necessitatibus illum. Id distinctio sequi maxime corrupti.',1,1,'2014-02-11 14:57:00','2017-09-02',19),(20,2,'Lukas','Vandervort','McLaughlin Group','Пользователь','другой','Consequatur quisquam sapiente et. Rerum vel odio odio aliquid explicabo doloribus. Impedit velit aperiam eos ipsum consequatur. Cumque omnis quis quo dolores aliquam saepe.',1,1,'2005-03-07 11:51:17','1975-08-14',20),(21,3,'Marianna','Leuschke','Wisozk, Kilback and Powlowski','Пользователь','мужской','Qui placeat expedita ut corporis voluptas illum odit. Voluptate quis nihil aut ratione. Ipsum distinctio sit minima architecto laboriosam porro consequatur.',1,1,'1986-10-05 00:10:59','1987-02-16',21),(22,1,'Anderson','Schuppe','Bailey, Sauer and Heidenreich','Пользователь','женский','Assumenda doloremque officia natus ratione praesentium. Et amet fugiat delectus sit. Officiis et enim voluptas dolores suscipit. Aut ducimus sequi accusantium aliquam debitis omnis et. Aut earum ex alias commodi inventore magni.',1,1,'1971-12-03 07:34:08','1979-08-28',22),(23,2,'Vilma','Hoppe','Brakus Inc','Пользователь','мужской','Aspernatur harum debitis laboriosam eos placeat libero. Autem sequi odio magnam. Veritatis accusamus soluta eos facere sunt magnam. Temporibus provident quia nisi quidem expedita.',1,1,'1998-10-24 21:23:39','1980-09-05',23),(24,3,'Jamal','Schaden','Padberg PLC','Пользователь','мужской','Est ipsa qui labore sit eum. Occaecati aut voluptate maiores at et recusandae.',1,1,'1988-09-27 21:19:15','2003-07-08',24),(25,1,'Bonnie','Morissette','Lueilwitz and Sons','Пользователь','мужской','Quam dignissimos quo praesentium esse officiis. Amet sed consequuntur minima quia ut esse accusamus.',1,1,'1982-12-01 11:38:19','2007-12-18',25),(26,2,'Gladyce','Volkman','Mayert-Durgan','Пользователь','женский','Sint harum ea reiciendis asperiores maiores ipsam. Exercitationem quo optio qui velit architecto sunt ad. Necessitatibus voluptatem similique ea eum nesciunt qui quis.',1,1,'2011-11-05 05:07:26','1975-07-01',26),(27,3,'Adriel','Goyette','Sporer-Smith','Пользователь','женский','Debitis occaecati dolores distinctio et. Dolores ut non non dolorem et quidem hic. Similique beatae adipisci assumenda repellendus accusamus aut facilis. Adipisci praesentium tempore voluptatem blanditiis.',1,1,'1972-05-27 00:07:54','1990-10-11',27),(28,1,'Cleora','Carter','Dicki-Koelpin','Пользователь','женский','Rerum perspiciatis vel totam et amet maiores. Ea fugiat voluptatem id eius qui natus. Quia natus quos id numquam omnis. Dolore rerum sapiente nulla quam consequatur veniam consequatur eius.',1,1,'2010-03-28 08:09:43','1974-05-05',28),(29,2,'Howard','Schaefer','Welch-Lakin','Пользователь','другой','Non et velit velit explicabo. Sequi voluptatem expedita eum officiis voluptas nihil. Non et voluptatem autem sed aliquam ratione.',1,1,'1997-05-17 06:23:23','2020-11-21',29),(30,3,'Nils','Keebler','Cartwright Ltd','Пользователь','женский','Voluptatibus et atque impedit est. Recusandae odio quod fugiat aperiam consequatur deserunt est. Dolor laudantium quam optio ullam iure fugiat cupiditate. Ad architecto debitis cum aspernatur veritatis modi.',1,1,'1981-12-25 02:51:11','2008-12-01',30),(31,1,'Tyrel','Heaney','Gaylord-Hansen','Пользователь','мужской','Quo aut cum quae voluptas nihil omnis culpa sed. Iste quia et et doloribus ut aut consectetur. Fuga animi in neque quo in.',1,1,'2009-08-21 09:18:23','1980-05-20',31),(32,2,'Bradford','Kiehn','Turcotte Ltd','Пользователь','мужской','Hic aspernatur consectetur rerum minima rerum esse illo nostrum. Consequuntur asperiores facere maxime odio qui. Labore sequi consequatur velit et.',1,1,'1990-12-31 01:53:27','1986-10-03',32),(33,3,'Gisselle','Lehner','Larson and Sons','Пользователь','женский','Ut incidunt adipisci dignissimos totam veniam ut laborum. Eum blanditiis dolores voluptatum nisi et. Reiciendis delectus non quo consectetur sit voluptas omnis libero.',1,1,'2007-04-25 01:46:16','2006-08-03',33),(34,1,'Ronaldo','Klocko','Kiehn and Sons','Пользователь','мужской','Iste voluptatem distinctio eaque earum quis qui iure quae. Consectetur eos dicta laudantium non ducimus quo eum. Tenetur eius mollitia placeat nesciunt sint. Corrupti quia eveniet dicta assumenda debitis beatae.',1,1,'1996-10-07 18:53:05','1983-12-16',34),(35,2,'Arvid','Legros','Moore, Ondricka and Funk','Пользователь','другой','Explicabo consequatur et ullam. Quis eligendi consequatur aspernatur labore iusto esse ex velit. Beatae assumenda aut voluptatem quas modi autem mollitia. Sit ut sed est cum aut.',1,1,'1975-03-19 14:09:25','1988-06-13',35),(36,3,'Micheal','Yundt','McLaughlin Ltd','Пользователь','другой','Possimus quibusdam recusandae dolor mollitia eligendi magni occaecati et. Magnam saepe dolores corrupti dolorem non dolores nisi. Unde ratione non eveniet officiis quia.',1,1,'2013-11-21 01:08:22','2020-11-22',36),(37,1,'Jada','Cartwright','Pollich Ltd','Пользователь','женский','Ut quo exercitationem quo. Laudantium in rem quaerat in quia quod perferendis odit. Mollitia vero at nihil quo velit soluta. Nisi sint ea commodi quo aut autem.',1,1,'2009-07-08 17:00:42','2006-06-16',37),(38,2,'Terrance','Kling','Gaylord-McLaughlin','Пользователь','другой','Rerum et quasi cum voluptatum. Beatae libero velit et labore et sunt repellendus. Consequuntur fugiat laborum quae explicabo ex impedit sed.',1,1,'1989-01-08 11:02:44','1999-07-02',38),(39,3,'Alexa','Homenick','Johnson-Casper','Пользователь','другой','Velit in est impedit cum vitae. Et sunt et harum vero aliquam adipisci qui quidem. Pariatur quas sit autem libero nemo mollitia blanditiis.',1,1,'2008-11-10 00:55:12','2005-07-18',39),(40,1,'Matt','Torp','Weimann PLC','Пользователь','другой','Ut deserunt voluptas facilis aliquam. Minima ullam maxime laboriosam dolorum odit id. Saepe provident aut voluptate eveniet nostrum quibusdam est.',1,1,'1985-01-20 21:31:29','1985-07-27',40),(41,2,'Tony','Cole','Zulauf-Koss','Пользователь','женский','Sequi cumque pariatur ut ut. Reprehenderit consectetur sunt nobis error aliquid blanditiis. Et quia sequi qui assumenda blanditiis ut.',1,1,'1977-10-07 07:28:11','1991-05-18',41),(42,3,'Brielle','Mante','Kuhic and Sons','Пользователь','другой','Quo laudantium repellat sint rerum beatae dolores expedita ipsa. Voluptas rem ut voluptate quasi nihil. Sit atque ipsa officia pariatur labore.',1,1,'2000-08-07 06:09:08','1990-08-30',42),(43,1,'Margaretta','Okuneva','Bauch Group','Пользователь','мужской','Asperiores voluptatem accusantium impedit enim quasi laboriosam. Vitae architecto est incidunt animi dolor eligendi. Sed fugiat reiciendis tempora rem laboriosam qui eos. Iusto doloremque ut nulla delectus maxime esse sed.',1,1,'2015-01-14 03:56:19','2012-05-01',43),(44,2,'Lelia','Aufderhar','Fisher-Deckow','Пользователь','мужской','Qui alias cum aliquam quo aliquid. Dolorem vel a mollitia ad. Quibusdam nihil recusandae neque velit voluptates quas.',1,1,'2014-08-15 21:03:39','2007-07-31',44),(45,3,'Gladys','Zulauf','VonRueden-Harvey','Пользователь','мужской','Earum ex id eligendi numquam. Sunt debitis dicta placeat tempora temporibus.',1,1,'1974-07-10 03:30:56','1995-07-21',45),(46,1,'Micaela','Schuppe','Aufderhar, Grady and Grant','Пользователь','женский','Omnis sapiente laudantium recusandae nihil repudiandae officia eveniet. Soluta ratione consequuntur id tenetur deserunt et omnis. Recusandae in odit nobis rerum ut minus commodi. At laboriosam deleniti et laborum soluta ad.',1,1,'1987-07-06 20:28:13','1997-12-05',46),(47,2,'Tina','White','Skiles PLC','Пользователь','другой','Saepe quasi ut doloremque aspernatur delectus. In aperiam quos ut et distinctio libero tempore non. Nisi dicta tempore doloribus. Tenetur sunt quaerat nostrum in in ut sapiente. Voluptatem eum quo magni tempora id blanditiis.',1,1,'1971-07-11 08:46:38','2015-09-20',47),(48,3,'Sabina','Olson','McClure and Sons','Пользователь','другой','Fuga aperiam nisi sed rerum aut. Quia ipsa in tempora eos eos quo quo ut. Voluptatem laboriosam est quia unde et nihil voluptatum ab.',1,1,'2013-08-14 10:56:19','2007-09-29',48),(49,1,'Austen','Crona','Kshlerin Inc','Пользователь','другой','Magni at vitae odit repellendus eum porro ad. Expedita praesentium voluptates enim enim voluptatem numquam. Aut quia suscipit laudantium libero sed mollitia.',1,1,'2008-10-12 17:43:56','2002-04-24',49),(50,2,'Art','Mertz','Orn, Schinner and Littel','Пользователь','другой','Et est expedita qui aut quia et. Quam ea commodi nesciunt eligendi atque ratione et repudiandae. Eius aperiam laboriosam assumenda quam et. Porro quas eos amet sit possimus id qui.',1,1,'2014-01-08 03:12:50','1981-05-23',50),(51,3,'Eliseo','Walker','Nader and Sons','Пользователь','женский','Voluptatem iste omnis quia est. Aut ut voluptatem recusandae deserunt quaerat. Aut ea nisi dolores accusantium. Quaerat occaecati aut vel odio sed nam.',1,1,'1977-03-04 09:41:21','1970-05-24',51),(52,1,'Hallie','Wisoky','Bins-Kuvalis','Пользователь','женский','Voluptate magnam maiores voluptatum accusamus provident reprehenderit. Voluptas ipsam adipisci sed. A exercitationem perspiciatis repellat laboriosam consequatur dolor autem.',1,1,'1975-09-20 16:34:02','1970-10-28',52),(53,2,'Lela','Pollich','Welch-Wilkinson','Пользователь','другой','Repudiandae est possimus illo impedit. Sint et et doloremque. Mollitia et sapiente aut omnis labore. Modi dolores debitis optio ut unde animi.',1,1,'1986-04-17 12:06:21','2021-02-04',53),(54,3,'Maximillia','Bergstrom','Carter-Luettgen','Пользователь','женский','Eius doloribus dicta non est id voluptatem. Vel est vero laudantium excepturi asperiores et iste. Sed laudantium quia sint quam officiis.',1,1,'2019-03-13 07:40:15','2007-05-14',54),(55,1,'Samson','Fisher','Luettgen-West','Пользователь','другой','Non facere est quam possimus. Nihil iusto repellendus aut cumque quo et iusto. Sit iste autem voluptas quos quidem voluptate vel.',1,1,'1993-01-03 01:07:58','1998-11-08',55),(56,2,'Cecelia','Robel','Wintheiser Group','Пользователь','мужской','Rerum fugiat neque placeat. Nemo molestias impedit autem magni et architecto autem. Suscipit adipisci quod odio nobis. Quas culpa eligendi harum.',1,1,'2004-05-15 18:46:09','2012-04-01',56),(57,3,'Rhett','Cartwright','Harber, Cummings and Hahn','Пользователь','мужской','Qui qui rerum aut fuga. Odio aspernatur quia reiciendis consequatur illo eum eius. Laborum asperiores eaque consequatur ut iusto laboriosam id voluptatem. Similique provident aut earum qui nihil et nihil eaque.',1,1,'2012-08-29 14:45:51','2010-08-25',57),(58,1,'Jalon','Berge','Sauer-Schulist','Пользователь','мужской','Ullam est consequatur necessitatibus neque incidunt corporis. Perferendis consequatur est repudiandae omnis ut consectetur iusto. Eos saepe aut ratione qui inventore ut.',1,1,'1984-04-23 01:56:16','2007-05-26',58),(59,2,'Marianne','Bergstrom','Skiles, Denesik and Dickens','Пользователь','мужской','Sit placeat nihil id. Quaerat delectus est cum autem.',1,1,'1970-09-28 03:53:58','2007-03-10',59),(60,3,'Mylene','Kerluke','Gleason LLC','Пользователь','другой','Est optio optio sed incidunt placeat. Provident quia ut aut eaque.',1,1,'1993-07-14 03:09:52','1973-05-24',60),(61,1,'Hailey','Stamm','Rice Ltd','Пользователь','другой','Quasi animi animi quod esse provident. Non dolores dolores enim eligendi accusantium architecto. Quia praesentium id ea non ratione dolorem. Maiores cupiditate repellendus quia vitae sit ut qui. Nihil molestiae assumenda et neque.',1,1,'1980-08-02 08:34:34','1976-11-16',61),(62,2,'Modesta','Veum','Hegmann-Lubowitz','Пользователь','другой','Non mollitia dignissimos in laboriosam enim vel. Dolor saepe voluptas sunt voluptatem ab officia tenetur. Neque sit vero aut quod. Dolores sit reprehenderit maxime enim sint enim.',1,1,'2006-12-14 20:09:08','2020-10-08',62),(63,3,'Virgie','Thompson','Steuber-Greenfelder','Пользователь','мужской','Tenetur amet aliquam iure omnis. Laboriosam et aliquid aliquam maxime cum. Quam blanditiis et ex nihil doloremque.',1,1,'1981-04-16 10:07:08','2014-01-05',63),(64,1,'Gus','Bosco','Bosco, Effertz and McDermott','Пользователь','женский','Consequatur aut cum ut omnis minus labore occaecati. Qui cumque corporis quas itaque. Reprehenderit quae ipsam vel aliquam. In rerum repudiandae in assumenda voluptatibus similique quaerat.',1,1,'2005-10-22 07:36:05','2014-08-31',64),(65,2,'Isabella','Macejkovic','O\'Hara PLC','Пользователь','мужской','Vitae maxime et in nesciunt mollitia similique. Est facilis corrupti voluptatem iure.',1,1,'1970-02-18 03:56:16','1981-09-12',65),(66,3,'Lura','Green','Littel, Boyle and Sauer','Пользователь','мужской','Esse et illo perferendis. Culpa illo cumque ratione. Qui eos a dignissimos officiis.',1,1,'2019-08-03 00:42:10','1983-06-21',66),(67,1,'Elvera','Klein','McLaughlin-Breitenberg','Пользователь','мужской','Nihil ex ut laudantium dolorum. Distinctio cum illo quibusdam officia. Consequatur ut aut expedita quas ipsum voluptas autem.',1,1,'1980-02-21 22:17:43','2008-03-09',67),(68,2,'Allen','Crist','Bailey Inc','Пользователь','другой','Quis autem maiores eum dignissimos accusantium non. Qui asperiores delectus a doloremque dolores temporibus. Id aliquid dicta impedit odio voluptate. Aut aut adipisci ut.',1,1,'2006-02-15 04:20:03','1987-03-14',68),(69,3,'Yazmin','Feeney','Johnston LLC','Пользователь','мужской','Ut voluptas sunt a nihil. Tempore est quos error ullam. Qui non eos maxime natus nihil itaque. Totam maiores magnam repudiandae qui.',1,1,'2001-07-08 18:47:17','1984-05-06',69),(70,1,'Tristin','Veum','Ziemann-Schinner','Пользователь','мужской','Perspiciatis et est voluptatibus magnam. Similique non perferendis quos tenetur. Repellat a illo qui tempore iure officia deleniti. Consequatur dolorum animi velit assumenda eos enim et sequi. Vitae vitae saepe similique deleniti id.',1,1,'1994-09-05 06:37:00','1998-07-02',70),(71,2,'Jaunita','Konopelski','Larkin, Lind and O\'Reilly','Пользователь','женский','Ad sint sed eveniet dolore facere optio. Adipisci numquam doloribus sed assumenda quia sit voluptas. Quibusdam sunt assumenda quos omnis voluptatibus. Dolorum tenetur id ea eos ipsa laudantium. Velit odit quasi unde commodi sed sunt ut.',1,1,'2002-11-14 09:11:18','1970-04-08',71),(72,3,'Brady','Morissette','Walsh-Bode','Пользователь','мужской','Earum laboriosam soluta quia et modi. Sequi iste ipsum debitis quod. Non nostrum quidem rerum impedit et. Est quo soluta tempore quam dolore.',1,1,'1978-01-23 09:08:17','1998-06-03',72),(73,1,'Malika','Schowalter','Green LLC','Пользователь','женский','Nihil sint nisi maiores voluptates. Sint excepturi praesentium omnis. Omnis labore ratione amet rerum nisi.',1,1,'1983-02-03 14:48:19','1975-08-28',73),(74,2,'Kyler','Labadie','Haag, Farrell and Howell','Пользователь','мужской','Consequatur numquam error occaecati eos vel nihil. Laudantium molestiae aliquam aut magni quia tenetur nesciunt soluta. Qui ea molestiae esse sint dolorem et. Iste molestiae at sint mollitia.',1,1,'1995-02-06 20:31:49','2001-04-19',74),(75,3,'Alf','Predovic','Emmerich PLC','Пользователь','женский','Eaque veritatis qui aliquid blanditiis porro ratione sint quia. Tenetur earum fugiat hic dolor dolores sint adipisci recusandae. Commodi accusantium inventore et veritatis totam. Commodi iste reiciendis ipsum.',1,1,'1985-05-26 02:34:44','1990-02-09',75),(76,1,'Bart','Shields','Krajcik PLC','Пользователь','мужской','Dolor incidunt optio id occaecati nostrum. Quis laborum voluptas qui et voluptatem mollitia. Inventore id et non autem et veritatis quisquam.',1,1,'1974-02-11 10:44:20','1973-02-23',76),(77,2,'Alexandrea','Rohan','Mayert and Sons','Пользователь','женский','Voluptatem quia architecto mollitia ut. Repellat eum quasi accusamus. Expedita laboriosam aperiam ea nihil consequatur incidunt distinctio.',1,1,'1976-06-20 17:11:50','2014-05-16',77),(78,3,'Carey','Braun','Lueilwitz-Weber','Пользователь','другой','Aut enim modi autem saepe dicta autem. Vitae quam veniam necessitatibus eum. Facere ipsum et reprehenderit voluptas commodi. Beatae sed quod placeat sit ipsum repellendus dolore.',1,1,'1992-08-10 08:58:50','1989-05-11',78),(79,1,'Wilson','Kshlerin','Hegmann-Casper','Пользователь','другой','Consectetur ut aut voluptate nihil. Hic consequatur ut doloremque quasi temporibus quas voluptate. Quam et alias tempora aspernatur a corporis voluptates.',1,1,'1996-05-15 12:22:48','2012-03-27',79),(80,2,'Anderson','Murray','Franecki LLC','Пользователь','мужской','Cum voluptatibus voluptas quos ut. Odio velit iste incidunt. Quasi nam repellendus facilis rem earum quam quos repudiandae.',1,1,'1984-02-23 01:46:10','2011-06-28',80),(81,3,'Casandra','Gutmann','Reinger, Schiller and Schinner','Пользователь','мужской','Eveniet autem dolorem dolores. Eligendi in aut ut perferendis porro debitis. A quis consequatur veniam consequuntur ut rem aperiam. Delectus expedita repellendus minima provident pariatur numquam eos.',1,1,'2003-05-14 07:23:33','1981-06-21',81),(82,1,'Milan','Weimann','Schowalter, Lemke and Hagenes','Пользователь','женский','Sunt nihil expedita aut velit. Cum omnis saepe nihil et error sit adipisci. Ullam a aut in. Recusandae mollitia odit inventore ab ad fuga.',1,1,'2018-12-20 22:06:16','2005-04-25',82),(83,2,'Kaitlin','Quigley','Reynolds Group','Пользователь','женский','Sed quidem quibusdam fugit quo. Accusamus quibusdam deleniti autem voluptas voluptatum. Cum nam incidunt qui eos dignissimos. Provident iure rerum id distinctio. Libero qui et facilis ut.',1,1,'1994-07-27 00:54:15','1976-06-12',83),(84,3,'Kimberly','Reilly','Pollich, DuBuque and Ledner','Пользователь','другой','Quisquam saepe sequi repellat et ut at eum. Repellendus consectetur qui est totam vel. Similique dolore quod repellat veniam aut.',1,1,'1982-10-15 00:12:43','1999-10-27',84),(85,1,'Kendrick','Emmerich','Shields Inc','Пользователь','другой','Explicabo eius quia voluptas iste nobis ipsa. Cum sit omnis commodi est. Error itaque optio accusantium quia et.',1,1,'2017-09-02 07:24:19','1989-12-29',85),(86,2,'Abby','Douglas','Legros-Watsica','Пользователь','мужской','Exercitationem ipsam odio autem ut sed similique. Itaque iusto exercitationem inventore. Vitae a accusantium cumque fugit.',1,1,'1981-08-18 12:41:31','1975-06-09',86),(87,3,'Norval','Bins','Herzog, Kertzmann and Kautzer','Пользователь','женский','Cumque esse optio molestiae. Velit ut architecto id dicta ut dolorem.',1,1,'1997-12-19 08:46:17','2019-12-22',87),(88,1,'Yolanda','Wintheiser','Simonis Group','Пользователь','женский','Placeat iusto adipisci possimus ex voluptas. Assumenda debitis eaque esse quidem temporibus rerum. Tenetur est aliquam sunt in at quo ut.',1,1,'2014-03-19 23:00:59','1973-04-28',88),(89,2,'Annamarie','Abshire','Kohler-Bins','Пользователь','женский','Quo est expedita qui delectus nesciunt ut. Id cupiditate voluptatibus dignissimos praesentium.',1,1,'1998-01-11 13:39:19','2012-10-24',89),(90,3,'Wilson','Conn','Flatley, Bode and Cronin','Пользователь','другой','Voluptatem maiores fugiat iusto eveniet accusamus autem. Velit harum commodi magni totam rerum. Libero rem nesciunt numquam sed itaque aperiam nesciunt.',1,1,'2018-03-12 21:55:24','2002-04-16',90),(91,1,'Belle','Hahn','Farrell, Muller and Cassin','Пользователь','женский','Placeat eligendi rem voluptatem soluta quis nulla ad. Velit praesentium qui nihil dicta deleniti. Aut occaecati libero voluptatibus libero id.',1,1,'1975-11-10 16:15:05','2001-04-19',91),(92,2,'Velma','Eichmann','Brekke, Borer and Upton','Пользователь','другой','Nulla sed inventore alias officia sit sit. Deleniti incidunt nihil occaecati quae. Laborum doloribus consequatur quos alias autem harum earum.',1,1,'2010-08-31 16:41:05','2013-07-04',92),(93,3,'Henderson','Lesch','Graham-Cassin','Пользователь','мужской','Nihil non animi laborum. In minus dolor repudiandae voluptate autem aut. Labore error veniam assumenda dolores.',1,1,'2014-05-03 22:09:28','1977-01-25',93),(94,1,'Kevin','Sanford','Anderson-Bergnaum','Пользователь','мужской','Et harum voluptatem incidunt autem. Reprehenderit dolor quis et laborum cupiditate exercitationem. Aliquam eligendi minima voluptatum qui pariatur neque eum.',1,1,'2016-09-25 20:24:59','1990-05-23',94),(95,2,'Wilson','Fahey','Gorczany, Leuschke and Lynch','Пользователь','мужской','Et dolor aut commodi quibusdam sed et. Voluptas fugit et magni quo. Laboriosam optio praesentium ut voluptatem aut possimus quis.',1,1,'2004-09-17 11:41:11','1983-02-04',95),(96,3,'Rolando','Hilll','Block, Farrell and Buckridge','Пользователь','мужской','Quod ut harum velit. Animi asperiores itaque et quam sunt. Culpa facilis veritatis accusantium aut.',1,1,'2019-05-01 01:08:31','1999-03-04',96),(97,1,'Dane','Erdman','Huels Ltd','Пользователь','женский','Laborum exercitationem sit maxime. Tenetur libero ad sed doloribus. Perspiciatis consequatur autem est enim.',1,1,'1980-07-14 02:59:28','2012-03-16',97),(98,2,'Lilyan','Lueilwitz','Ebert, Bednar and Torp','Пользователь','женский','Qui doloribus nam quibusdam quaerat quos. Ipsam et ex totam minima numquam. A quae explicabo cum sunt ullam.',1,1,'1981-03-10 12:16:35','1981-10-31',98),(99,3,'Aniya','Anderson','Hyatt-Vandervort','Пользователь','мужской','Voluptatem ipsam impedit in quidem non reiciendis ad. Perspiciatis qui qui fugit mollitia. Qui voluptatem atque sint sint doloremque eum quia. Inventore reprehenderit fugit dolor minus.',1,1,'1996-04-16 10:38:15','1998-06-19',99),(100,1,'Nicholas','Dickens','Bernhard Group','Пользователь','женский','Aut enim odio accusamus repellat eum. Et placeat porro minus animi totam eos. Amet impedit dolorum est ratione delectus.',1,1,'1989-01-25 01:04:54','2016-04-22',100);

INSERT INTO carma (user_id, carma) VALUES (1,175),(2,484),(3,-88),(4,493),(5,452),(6,460),(7,-77),(8,-36),(9,457),(10,198),(11,30),(12,4),(13,273),(14,223),(15,198),(16,261),(17,420),(18,500),(19,406),(20,480),(21,226),(22,-66),(23,499),(24,-88),(25,12),(26,319),(27,8),(28,-81),(29,-188),(30,239),(31,-19),(32,-27),(33,367),(34,57),(35,203),(36,388),(37,435),(38,-77),(39,-55),(40,81),(41,371),(42,31),(43,67),(44,410),(45,-11),(46,228),(47,53),(48,317),(49,142),(50,137),(51,354),(52,314),(53,430),(54,468),(55,209),(56,493),(57,136),(58,-22),(59,378),(60,231),(61,261),(62,303),(63,-95),(64,121),(65,330),(66,120),(67,60),(68,32),(69,81),(70,-89),(71,70),(72,91),(73,18),(74,405),(75,227),(76,437),(77,41),(78,229),(79,99),(80,-19),(81,249),(82,368),(83,261),(84,270),(85,395),(86,-64),(87,284),(88,302),(89,89),(90,18),(91,328),(92,-1),(93,227),(94,438),(95,392),(96,337),(97,191),(98,149),(99,55),(100,312);

INSERT INTO carma_voiting VALUES (1,11,1,'2021-01-23 06:39:54'),(2,47,1,'2021-03-17 05:15:44'),(6,9,1,'2020-08-09 19:51:34'),(6,14,-1,'2020-11-02 12:34:43'),(8,31,0,'2020-09-01 13:43:08'),(9,8,-1,'2020-06-24 15:57:23'),(9,9,-1,'2020-11-19 16:30:25'),(9,64,0,'2020-11-17 23:41:07'),(10,44,0,'2020-11-09 17:14:15'),(11,82,0,'2020-08-03 09:46:13'),(13,76,-1,'2020-09-21 00:55:10'),(13,90,1,'2020-04-17 05:26:03'),(15,54,1,'2020-09-27 18:05:07'),(19,7,1,'2020-08-06 15:07:00'),(20,11,-1,'2020-06-05 19:03:21'),(22,55,1,'2020-11-04 08:41:34'),(22,59,-1,'2020-12-23 03:30:08'),(23,86,1,'2020-11-02 11:27:24'),(25,84,1,'2020-08-10 21:32:51'),(26,41,1,'2021-02-17 07:40:33'),(26,49,0,'2020-04-13 00:57:26'),(27,29,1,'2020-04-26 03:34:50'),(28,33,0,'2020-05-11 02:41:55'),(28,91,0,'2021-02-20 02:55:40'),(30,39,-1,'2020-05-03 00:42:51'),(32,22,-1,'2020-12-26 15:41:43'),(32,55,1,'2021-02-09 10:19:33'),(33,94,1,'2020-11-01 02:06:35'),(34,15,0,'2020-07-17 08:06:23'),(35,50,-1,'2020-04-04 14:12:44'),(36,95,1,'2020-06-19 19:38:22'),(37,47,1,'2020-05-14 07:43:47'),(37,54,1,'2020-10-12 03:03:19'),(37,68,-1,'2020-10-26 03:14:02'),(38,11,1,'2020-08-29 07:55:16'),(40,38,1,'2020-10-16 11:12:07'),(40,97,1,'2020-12-17 23:02:54'),(41,30,0,'2020-05-05 17:48:52'),(42,19,-1,'2021-02-21 10:46:48'),(42,78,-1,'2021-01-07 00:36:34'),(45,46,1,'2020-06-08 19:01:19'),(45,55,-1,'2021-01-25 03:39:19'),(47,37,1,'2020-04-27 01:04:42'),(48,14,0,'2020-12-28 09:53:28'),(48,23,-1,'2020-10-08 21:56:19'),(49,46,0,'2020-11-18 08:21:58'),(54,55,1,'2020-12-14 20:24:59'),(54,86,1,'2020-10-26 20:08:27'),(55,79,0,'2020-09-05 17:59:30'),(56,74,-1,'2020-07-14 10:29:02'),(56,75,1,'2020-09-22 04:14:02'),(56,81,-1,'2020-12-02 12:41:45'),(57,45,1,'2021-01-04 03:09:25'),(59,51,1,'2020-08-30 01:48:38'),(60,9,0,'2020-07-09 15:56:45'),(60,18,-1,'2020-06-07 14:07:26'),(61,18,-1,'2020-08-07 06:31:42'),(61,96,1,'2021-01-09 02:56:07'),(62,84,-1,'2021-01-12 05:31:39'),(65,37,0,'2020-12-14 22:05:48'),(67,44,-1,'2020-12-25 19:50:29'),(67,67,0,'2020-07-10 13:26:42'),(67,86,-1,'2020-04-24 11:04:36'),(68,9,0,'2020-04-04 04:29:27'),(68,50,1,'2020-12-05 17:19:20'),(68,76,1,'2020-09-29 22:12:31'),(70,80,-1,'2021-01-21 23:38:32'),(71,7,0,'2021-01-18 06:11:50'),(71,20,-1,'2021-02-23 08:27:51'),(73,10,-1,'2021-03-14 20:54:29'),(73,55,1,'2020-08-28 11:03:36'),(74,63,-1,'2020-08-07 20:54:31'),(76,50,0,'2020-12-26 07:19:53'),(79,1,1,'2020-11-01 01:41:49'),(83,21,-1,'2021-01-27 00:07:30'),(83,27,1,'2020-06-12 16:00:10'),(84,81,1,'2020-11-21 01:30:23'),(85,48,-1,'2020-05-15 11:25:57'),(86,20,0,'2020-10-19 22:14:20'),(86,82,0,'2020-06-13 01:16:18'),(86,87,0,'2020-09-25 18:59:41'),(87,10,0,'2021-01-12 14:04:26'),(87,50,1,'2020-06-30 12:52:48'),(87,76,0,'2020-10-30 12:47:46'),(88,6,0,'2020-09-04 12:22:40'),(88,12,1,'2021-03-11 16:16:56'),(88,57,1,'2021-01-15 17:12:38'),(88,87,1,'2020-09-26 17:16:38'),(90,41,0,'2021-01-06 08:05:00'),(90,76,-1,'2021-02-08 15:07:38'),(92,40,0,'2020-08-03 15:35:20'),(95,13,0,'2020-09-25 05:13:26'),(96,29,1,'2020-11-02 16:40:09'),(97,4,1,'2020-11-18 15:11:26'),(97,24,-1,'2021-01-21 03:50:52'),(97,53,1,'2020-10-17 10:32:40'),(98,29,1,'2021-03-06 04:52:57'),(100,71,-1,'2021-01-31 16:54:52'),(100,78,0,'2020-08-24 14:46:23'),(100,84,-1,'2020-07-02 22:11:17');

INSERT INTO category_articles VALUES (1,'Разработка'),(2,'Администрирование'),(3,'Дизайн'),(4,'Маркетинг'),(5,'Научпоп'),(6,'Новости'),(7,'Менеджмент');
INSERT INTO under_category_articles VALUES (29,1,'dolorem'),(8,1,'est'),(1,1,'libero'),(22,1,'voluptas'),(15,1,'voluptatum'),(2,2,'aut'),(9,2,'enim'),(16,2,'eveniet'),(30,2,'numquam'),(23,2,'voluptatem'),(10,3,'corrupti'),(3,3,'ea'),(24,3,'qui'),(17,3,'rerum'),(4,4,'est'),(18,4,'quod'),(11,4,'repellat'),(25,4,'voluptates'),(26,5,'explicabo'),(12,5,'pariatur'),(5,5,'provident'),(19,5,'vitae'),(27,6,'est'),(20,6,'et'),(13,6,'inventore'),(6,6,'rem'),(21,7,'atque'),(14,7,'eius'),(7,7,'et'),(28,7,'sit');

INSERT INTO articles VALUES (1,1,1,'Eos cupiditate quidem qui.','Est ut accusantium est molestiae. Commodi veniam repellendus consequatur dolore est pariatur.','2020-10-22 02:49:19','2021-03-24 05:13:26'),(2,2,2,'Eum dolorum odit officiis est quia fugit.','Non beatae omnis voluptatem aliquid qui laborum. Ut deleniti blanditiis natus laboriosam deserunt similique sunt. Id officia cum enim fugit fugit quasi.','2021-01-28 20:01:53','2021-03-01 21:02:51'),(3,3,3,'Repudiandae quam sapiente perferendis qui quibusdam.','Sint est cum aliquam praesentium facere voluptatum. Rem alias nesciunt sit ea omnis. Similique rerum sapiente tenetur. Eaque qui nostrum placeat expedita aliquam quod reiciendis.','2021-01-15 10:33:50','2021-03-11 08:36:08'),(4,4,4,'Nam molestias recusandae voluptatum et ipsa.','Voluptate in non a impedit adipisci id iste. Necessitatibus veritatis ut qui fuga nam porro laborum. Quia eos cumque quo est.','2020-11-04 16:48:37','2021-03-16 19:34:42'),(5,5,5,'Voluptate perspiciatis pariatur aut dicta qui in.','Est est quasi perferendis voluptate optio excepturi assumenda. Id ut porro commodi officiis molestiae voluptas voluptate sit.','2020-09-23 01:39:09','2021-03-02 17:58:07'),(6,6,6,'Autem autem culpa quia eaque inventore similique quod.','Vitae delectus omnis magnam atque. Vero est nobis odit maxime. Non ullam ea impedit ratione ullam.','2020-05-16 06:34:58','2021-03-16 13:30:09'),(7,7,7,'Amet amet a nobis rem eaque et.','Et natus ipsum nobis. Eos deserunt debitis non. Nesciunt harum nisi quia. Cum rerum consequatur accusantium et mollitia autem est.','2020-07-18 12:24:08','2021-03-25 01:00:55'),(8,8,8,'Possimus maxime deleniti odit vel vel.','Ad saepe autem consectetur architecto sit. Minus id vero et soluta quibusdam magni eveniet. Quos soluta harum reiciendis id voluptatibus aut qui. Aut veritatis fuga provident vel est maiores.','2020-12-03 12:09:07','2021-03-09 01:58:44'),(9,9,9,'Dolore corporis minima animi eaque nesciunt soluta.','Atque sit perferendis doloremque ducimus laboriosam odio incidunt cupiditate. Aspernatur modi nihil labore occaecati explicabo enim. Eos natus sit voluptate totam adipisci.','2020-11-09 06:13:34','2021-03-24 13:53:42'),(10,10,10,'Nulla ut natus quos hic ipsum.','Sapiente ut alias cum incidunt. Iusto nesciunt sunt dolorem corrupti eum alias magni. Corrupti repudiandae consequatur voluptatem nobis sunt asperiores sit. Dolorem velit dolorum non sit maiores dolor.','2020-03-30 02:10:41','2021-03-12 06:56:52'),(11,11,11,'Odit amet pariatur commodi alias cumque est.','Similique id saepe voluptatem sint atque. Consequatur provident soluta nihil ipsam perspiciatis. Reiciendis at expedita ut ullam.','2020-11-23 11:04:20','2021-03-05 04:10:53'),(12,12,12,'Est neque aut qui.','Dolor mollitia est velit et. Numquam sit quia distinctio eum odio amet corrupti. Nihil aperiam dolores quos. Consectetur quis dolorum blanditiis ut provident commodi dolorem.','2021-03-25 17:58:21','2021-03-15 08:12:01'),(13,13,13,'Corporis reiciendis inventore deleniti expedita sed quisquam.','Maxime natus aut consectetur totam nihil. Omnis tempore animi natus earum eum. Atque placeat autem enim perspiciatis. Exercitationem voluptatem ipsam esse et nobis.','2020-05-01 05:52:28','2021-03-01 16:42:41'),(14,14,14,'Rem qui in veritatis velit eveniet possimus.','Incidunt rerum alias nihil facere in. Doloremque tenetur quo ipsum doloremque totam. Corrupti et et dolorum nam vel quasi numquam. Soluta deleniti ea impedit ipsa rerum debitis voluptate.','2020-09-13 02:35:14','2021-03-18 03:35:08'),(15,15,15,'Impedit molestiae omnis sit debitis numquam magni.','Quasi id aut omnis necessitatibus. Iste voluptatem neque autem facilis. Voluptatem aut quasi doloremque dolorem fugiat laudantium. Quis qui optio rerum ratione assumenda. Veritatis facere suscipit adipisci saepe.','2020-04-05 09:51:46','2021-03-01 18:55:28'),(16,16,16,'Nam qui dolores quos est ut repudiandae.','Voluptatem culpa placeat adipisci velit dolorem cum voluptate. Enim animi ex a consequatur. Dignissimos ut voluptas autem. Molestias doloribus omnis iure et.','2020-04-13 18:10:13','2021-03-19 09:01:32'),(17,17,17,'Nihil enim et sit quod id necessitatibus.','Sed repellendus porro quis qui quidem quia. Sit harum dolorem est odit dolor nemo voluptates. Iusto est est tenetur consequatur repellendus adipisci nulla et. Aut ad aliquam quas iure qui non.','2020-05-17 09:30:38','2021-03-15 19:07:04'),(18,18,18,'Error fugit possimus molestiae est omnis.','Repudiandae et in amet quibusdam autem in magni sint. Nesciunt esse mollitia aut neque dolor voluptatem neque tenetur. Voluptas a pariatur dolores explicabo. Fuga eius nulla temporibus quae dolor enim numquam.','2021-01-19 21:26:31','2021-03-06 10:58:28'),(19,19,19,'Ut quis natus accusantium aliquid explicabo molestias.','Dolorum nisi quidem non vel occaecati voluptatem. Est quaerat saepe pariatur exercitationem dignissimos. Cumque excepturi et vitae quas tenetur nostrum sapiente quisquam. Quo neque cum magnam quae aliquam sunt rerum.','2020-10-04 20:18:27','2021-03-10 10:30:18'),(20,20,20,'Rem explicabo facere qui possimus.','Dolores dolores id natus quam tenetur. Et rerum aut aperiam ducimus est aut quos. Ipsum non eligendi deserunt. Assumenda et blanditiis dolore ducimus. Autem et et dolores perferendis sed ut tenetur eligendi.','2020-08-30 17:02:54','2021-03-07 06:30:08'),(21,21,21,'Error consectetur libero omnis hic.','Cumque illum beatae cumque itaque est pariatur. Animi vel illum accusantium deleniti non labore quo dignissimos. At quia sed veritatis qui ducimus nisi. Cum quia vel tenetur reiciendis aliquam cumque neque.','2020-08-02 06:23:59','2021-03-07 17:43:06'),(22,22,22,'Repudiandae aut iste itaque laboriosam sequi in.','Totam eos perferendis vitae consequuntur aut necessitatibus. Recusandae dolor vitae suscipit aliquid qui eius quasi. Repellat voluptatem aut porro quo et ea. Ut eligendi distinctio sint et recusandae sint odio.','2020-10-17 05:49:51','2021-03-25 20:23:18'),(23,23,23,'Suscipit qui ut aut esse est quam et.','Est consectetur vel ut repudiandae sed earum odio. Voluptatem placeat placeat quia dicta tempore iure. Accusantium aut at blanditiis id possimus ut sunt est. Doloribus ea doloribus mollitia voluptatibus.','2020-06-01 23:22:25','2021-03-23 09:19:47'),(24,24,24,'Similique vel exercitationem et tenetur assumenda sit nesciunt.','Eaque unde eligendi ratione repellendus. Laudantium hic voluptatem quia reprehenderit reiciendis. Sunt natus qui est expedita voluptatem non eius.','2020-10-07 18:08:38','2021-03-18 07:32:06'),(25,25,25,'Aut itaque beatae ut voluptatum incidunt.','Neque temporibus placeat id maiores molestias ut omnis. Tempora consectetur et cumque dolorum eum. Et omnis aspernatur ducimus voluptas aut perferendis sed.','2020-12-29 01:09:07','2021-03-08 02:00:31'),(26,26,26,'Ipsam blanditiis quis nesciunt ipsum ut suscipit consequatur.','Aut est non maxime eos. Aut quis consequatur dicta ullam a eos. Rerum minus voluptatem qui optio recusandae. Nihil hic ipsam aspernatur cum accusantium enim.','2021-02-28 22:27:37','2021-02-28 20:59:14'),(27,27,27,'At cupiditate itaque dolor aspernatur.','Veniam ad iure sunt at non. Laborum illum esse consequatur sapiente. Aliquid architecto beatae cumque qui. Totam pariatur saepe sit modi qui maxime ea id. Voluptate saepe ducimus ipsa vel dolore.','2020-12-02 08:34:16','2021-03-08 17:35:31'),(28,28,28,'Quaerat dicta temporibus magnam.','Mollitia omnis aliquam eligendi nihil consequatur qui ab. Eum blanditiis error aspernatur quis et accusantium non.','2020-08-25 11:04:47','2021-03-19 10:35:41'),(29,29,29,'Possimus sapiente ullam libero sint est.','Inventore error quisquam et asperiores nesciunt. Harum ipsum qui occaecati nihil qui. Voluptatem velit maxime minus reiciendis est. Qui vitae praesentium ut.','2020-07-11 10:39:29','2021-03-13 22:18:17'),(30,30,30,'Placeat qui sed quia asperiores ut.','In molestiae omnis tempore et amet. Sunt eum aperiam quisquam harum excepturi non voluptas et. In quis maxime aspernatur veniam expedita consequuntur voluptatem sapiente.','2021-01-11 06:56:28','2021-03-14 08:52:11'),(31,31,1,'Quod minus tenetur rerum quam ipsum maxime enim.','Pariatur earum inventore est deserunt sapiente asperiores. Voluptatem aspernatur quisquam quaerat corrupti. In voluptas ut ab nam ex itaque.','2020-11-02 03:16:40','2021-03-10 21:42:34'),(32,32,2,'Error eveniet magni facilis est eligendi porro.','Omnis perspiciatis vitae dolore molestiae aut. A asperiores iure cum ea voluptas. Animi iure enim cupiditate et omnis. Dolor est sed et tempora ut.','2021-01-03 20:54:32','2021-03-02 18:19:46'),(33,33,3,'Autem aut quos est.','Nobis aut sit libero id perferendis. Magnam consequatur odit occaecati ab sapiente qui hic. Quisquam commodi rerum eum eos aut reprehenderit dolores. Magnam velit quae et iure qui. Cupiditate eum et cum atque ut nam.','2020-03-30 22:24:18','2021-03-15 07:46:23'),(34,34,4,'Dolores ut vitae eligendi dolor consequatur ut voluptatem.','Ea occaecati sequi officia atque non soluta ducimus. Quidem exercitationem enim laudantium omnis. Possimus dolor ut eveniet sequi. Eos amet est ut voluptatem.','2021-03-12 13:49:53','2021-03-16 02:38:12'),(35,35,5,'Laborum est in aut quam quaerat quibusdam laboriosam.','Odio voluptas non dolorem libero iste. Autem aut rerum corrupti odit est enim dignissimos. Ratione possimus corrupti est.','2020-07-06 15:59:59','2021-03-25 06:18:28'),(36,36,6,'Minus eos totam aut.','Facere cupiditate voluptas nam nihil tempore ut aperiam. Qui eaque voluptatibus quos excepturi dolore fugit omnis. A sit labore voluptatem voluptatem quo possimus fuga. Odit corporis sunt accusamus.','2020-08-14 23:40:27','2021-03-23 05:18:54'),(37,37,7,'Necessitatibus non et omnis perspiciatis est consequatur dolores.','Officia dolorem voluptatem nam quisquam omnis. Velit enim molestias commodi minus dolore et nihil. Nisi voluptatem debitis ducimus consequatur harum. Illum quia quasi porro totam. Sed molestiae consequatur pariatur quod.','2020-05-21 19:21:00','2021-03-19 23:58:55'),(38,38,8,'A officia provident ratione dolor repudiandae ut maxime.','Eum iusto quo accusantium soluta. Dolorem dicta eius hic tempore sed possimus veniam. Molestiae temporibus voluptate est est excepturi.','2020-09-14 17:38:32','2021-03-05 15:12:27'),(39,39,9,'Accusantium deserunt amet minus nesciunt sint ducimus.','Ut repudiandae quia facere. Sit nulla quisquam illum repudiandae magni quod deleniti.','2020-04-20 12:42:25','2021-03-08 20:45:45'),(40,40,10,'Rem eaque ea beatae autem corrupti dolor expedita incidunt.','Distinctio sed repellendus ratione saepe. Sed veniam architecto totam omnis exercitationem voluptatibus recusandae. At velit tenetur repudiandae qui.','2020-04-07 10:48:04','2021-03-13 17:44:41'),(41,41,11,'Sit totam vero consequuntur rerum.','Facere adipisci laboriosam dignissimos aliquam harum. Molestiae quo qui qui officia accusantium. Temporibus exercitationem quia praesentium impedit rerum quibusdam nemo excepturi. Aut praesentium quos atque omnis nulla alias praesentium.','2020-09-04 14:31:01','2021-03-10 04:29:36'),(42,42,12,'Inventore ducimus consequatur distinctio aliquam dolore ut qui.','Labore voluptatem ullam dicta. Quae eveniet omnis facere impedit id est. Est dolores pariatur in et cum.','2020-04-18 20:21:23','2021-03-26 02:59:19'),(43,43,13,'Consequuntur est in iusto vel.','Tempora et eaque quis nostrum. Qui aut ipsam nisi laudantium mollitia rerum facilis. Corporis recusandae excepturi animi dicta et. Unde suscipit repellendus aut ab perferendis. Et id id quam recusandae.','2021-02-07 11:55:24','2021-03-11 14:18:25'),(44,44,14,'At architecto facere a velit.','Voluptatem autem et praesentium esse ut dignissimos. Neque et id pariatur vel ut dolorem ipsam. Rem et voluptatem temporibus doloribus sed ab. Et est velit aut placeat. Distinctio molestias possimus iusto consequatur.','2020-05-21 11:11:23','2021-03-14 12:48:11'),(45,45,15,'Molestiae culpa autem esse praesentium porro quas.','Fuga fugit expedita dolores necessitatibus. Aspernatur vitae et delectus doloribus et. Qui facere vel quam et. Rem odio asperiores est neque maiores maiores.','2020-09-12 07:03:10','2021-03-01 20:58:46'),(46,46,16,'Quo voluptatem similique officia enim rerum quam odit.','Id qui accusantium nisi aut. Tempore officia doloribus quo hic odio cumque eaque. Sequi ut ex earum quis. Repellat cum dicta natus.','2020-10-30 14:38:29','2021-03-14 07:40:34'),(47,47,17,'Non quam iusto est hic.','Aperiam velit officia laudantium ad quae aspernatur dolorem. Vitae voluptates sapiente deleniti voluptas illum perferendis. Adipisci vel vel eaque.','2020-12-05 21:36:42','2021-03-05 00:39:44'),(48,48,18,'Animi dolorem non placeat cum minima architecto dignissimos.','Magnam omnis neque ut quidem fugiat deleniti doloribus accusamus. Blanditiis quia harum eius et soluta rerum. Est aut labore distinctio qui dolorum. Qui debitis ullam velit asperiores excepturi quia. Sint quo corporis est sequi et autem nihil.','2020-08-26 08:53:48','2021-03-17 02:15:56'),(49,49,19,'Et maxime labore in eos et soluta veritatis non.','Rerum temporibus totam qui corporis tempore doloribus praesentium. Quia qui sit illum similique. Ut impedit modi atque qui ut quibusdam neque. Sed aut eos similique rerum ut laudantium.','2020-05-01 18:59:56','2021-03-22 11:15:06'),(50,50,20,'Aut ipsa quas tenetur eum enim.','Cum totam totam neque eveniet magni architecto et. Quia tenetur velit unde est similique sed. Molestiae rerum nulla ut explicabo vel expedita quia. Minima quo aperiam inventore.','2020-05-28 15:36:47','2021-03-16 15:36:19'),(51,51,21,'Molestiae excepturi voluptas minus dolore quis.','Dolorem reiciendis voluptas ipsam amet. Sed voluptas porro magnam error quaerat. Id alias voluptas perspiciatis quia. Amet ipsum quia et aut nam.','2020-10-21 00:30:48','2021-03-13 14:11:35'),(52,52,22,'Et ut iure itaque maiores veniam aut dolor illo.','Deleniti ut consectetur mollitia reiciendis ipsum vel voluptatem. Porro minus numquam eligendi sed nobis optio. Facere adipisci non odio sunt magni.','2020-11-18 09:24:29','2021-03-27 09:59:20'),(53,53,23,'Delectus occaecati voluptas distinctio fuga nostrum.','Quo sunt est quis nihil sit. Unde debitis nam molestias animi non. In mollitia vel eum aspernatur rerum rem sapiente.','2020-10-19 17:08:51','2021-03-21 17:42:18'),(54,54,24,'Quia sunt ut nisi.','Nesciunt omnis ratione pariatur. Sit eos facilis laboriosam voluptas quia ea quidem. Voluptatum assumenda neque molestiae qui quia sint ipsa.','2021-03-26 19:11:41','2021-03-23 00:13:53'),(55,55,25,'Ullam omnis voluptatum quis et id consequuntur.','Praesentium assumenda et qui officiis in. Laborum quisquam accusantium sed harum voluptas nihil sed. Accusantium cumque aperiam pariatur enim.','2020-11-23 21:22:26','2021-03-19 14:29:32'),(56,56,26,'Commodi commodi aut laborum voluptas rem.','Facilis eum officiis exercitationem porro a et sint. Eligendi sit voluptatem quibusdam sunt aut. Qui molestias excepturi magni quis ab enim.','2020-06-26 17:31:07','2021-03-10 05:48:46'),(57,57,27,'Provident ipsam cum necessitatibus.','Impedit veritatis qui expedita ex sed corporis aliquid. Voluptas non doloremque placeat reiciendis tempore at corrupti. Molestiae maxime saepe molestiae id.','2021-03-18 09:52:47','2021-03-02 10:44:20'),(58,58,28,'Non fuga dolor molestiae laboriosam autem sed.','Omnis consequatur ad sapiente et omnis. Cumque repellat dicta atque quis iure. Culpa tempore quia voluptas nihil consequuntur aut.','2021-02-09 16:08:50','2021-03-24 16:53:53'),(59,59,29,'Saepe doloribus sequi ea accusantium animi ipsam voluptas.','Vero rerum aut excepturi distinctio possimus molestias. Error illum nesciunt sint. Ducimus voluptatum voluptate animi totam.','2020-08-18 04:42:51','2021-03-01 10:40:46'),(60,60,30,'Eaque aperiam eos tempore laboriosam asperiores.','Non nihil aut veritatis sed voluptatum fugiat. Odit iusto voluptatem tempora eveniet. Nisi autem dolorum qui quo vero a libero itaque. Tenetur asperiores eligendi quod ad.','2020-09-28 11:23:57','2021-03-13 01:53:12'),(61,61,1,'At est numquam quis.','Tempora voluptatem consequatur saepe sapiente nobis molestias. Qui esse numquam mollitia hic recusandae dolores. Minima quaerat vel alias provident voluptatibus quia ipsa modi.','2021-02-27 14:23:57','2021-03-17 14:57:06'),(62,62,2,'Hic labore enim eligendi.','Enim sunt in aut libero minus nobis error saepe. Fugit illo veritatis aspernatur officia magni facere ipsa. Non quos voluptate amet similique molestias quia.','2020-09-23 03:37:35','2021-03-24 12:32:28'),(63,63,3,'Voluptatem qui delectus itaque laboriosam ad est.','Qui consequuntur numquam praesentium laborum in voluptate quisquam. Voluptatem ipsum quia sit provident dolorem deleniti laboriosam. Deserunt praesentium qui qui culpa repudiandae facilis in.','2020-06-12 23:51:05','2021-03-28 01:12:14'),(64,64,4,'Quibusdam adipisci nesciunt quos sapiente incidunt.','Molestiae ipsa animi ipsa nemo ut ab architecto. Sequi iste aut aut animi blanditiis et. Aliquid possimus aut ut eum nam est rerum.','2020-08-15 16:26:15','2021-03-23 22:02:49'),(65,65,5,'Optio aut eius pariatur omnis autem voluptas magni.','Voluptatem impedit tempora eum qui quo laudantium amet. Nobis sequi dicta et amet quia. Iusto eos ad aliquam ut enim.','2020-10-21 01:58:17','2021-03-04 13:26:05'),(66,66,6,'Repellat porro qui voluptas est dicta maxime.','Consequatur ea molestiae odit ipsa doloribus qui. Repudiandae voluptas magnam quis eum soluta quas. Corporis ullam ea voluptate. Occaecati labore et omnis inventore fugiat fuga consequatur.','2020-07-24 11:00:39','2021-03-18 21:47:29'),(67,67,7,'Veniam animi rerum nostrum qui laudantium reiciendis.','Velit voluptatibus quidem vero asperiores sed pariatur dolorem. Consequuntur veniam voluptatem libero ut magnam dolore. Sed necessitatibus a possimus suscipit sapiente voluptatem sed.','2020-05-28 07:10:03','2021-03-01 09:28:45'),(68,68,8,'Praesentium ad explicabo et non.','Distinctio inventore rerum reiciendis in eligendi. Quia tempora est illo nisi sapiente voluptatem. Eos voluptatem mollitia enim est cum. Omnis aliquid ut et voluptas nesciunt fugit.','2020-08-30 12:53:13','2021-03-14 20:34:39'),(69,69,9,'Aut est iure omnis doloremque nemo iste itaque.','Nobis rerum ea quia harum modi laboriosam eligendi. Velit ut facilis temporibus et. Reiciendis voluptas ipsam ut sit illum et.','2020-03-28 23:24:54','2021-03-27 13:27:33'),(70,70,10,'Aut architecto non fuga cupiditate illo perspiciatis.','Et molestiae in quidem consequatur voluptatum vitae consequatur voluptatibus. Quos sed doloribus consequatur dolorem hic aperiam dolorum. Id hic est est occaecati.','2021-02-20 20:50:42','2021-03-17 23:57:31'),(71,71,11,'Necessitatibus accusamus nam vero non.','Quidem ipsam quia debitis nihil qui provident qui. Aspernatur est dignissimos repellendus eligendi laborum. Nam officia alias placeat iure architecto beatae.','2020-08-06 21:48:08','2021-03-17 12:40:21'),(72,72,12,'Non atque ut odit corrupti ex consequatur.','Voluptas error dolores voluptatibus molestiae ut ducimus tempore. Eos et rerum velit natus.','2021-02-21 20:13:25','2021-03-27 04:00:18'),(73,73,13,'Consectetur ad eos quia repellendus et.','Unde beatae harum qui dolorem eius enim quisquam modi. Numquam nihil nostrum sit molestiae est eius fugiat. Ut doloribus doloribus hic.','2020-08-24 22:42:06','2021-03-04 08:16:15'),(74,74,14,'Accusantium facilis ut reprehenderit earum similique qui dolorum.','Magni autem voluptas autem quas iusto. Eligendi eum et rerum ipsam veritatis eligendi tempora. Aliquid fugiat maiores sit itaque. Autem consequatur blanditiis quo voluptas. Aut tempora ut laudantium neque rerum consectetur.','2020-07-18 20:49:20','2021-03-10 19:13:40'),(75,75,15,'Et non qui quis blanditiis sequi.','Iure quaerat et consequatur nesciunt quia sed blanditiis. Aut aut consectetur repudiandae voluptas. Qui inventore expedita modi reiciendis saepe laudantium consequatur. Similique sapiente repellat vel dolorum quaerat est est.','2020-07-23 06:47:44','2021-03-04 19:30:50'),(76,76,16,'Exercitationem ipsam doloribus animi officiis.','Ab autem illo nihil vitae sit aut. Est quibusdam voluptate possimus pariatur aut alias ipsa. Dignissimos rerum numquam ut rerum.','2021-02-13 22:08:59','2021-03-26 12:14:57'),(77,77,17,'Asperiores iure consectetur deserunt accusamus et.','Qui voluptatem voluptates ea sed. Sed ipsa suscipit et quas quo. Animi impedit quo molestiae quo non. Dignissimos quas vitae voluptatem dignissimos cum.','2020-05-26 23:40:42','2021-03-23 07:50:12'),(78,78,18,'Est similique totam aspernatur qui odio quis assumenda sint.','Voluptatem necessitatibus dolorem et et accusantium harum consequatur suscipit. Minima dolorem autem consectetur reprehenderit molestias. Eaque rerum officiis dicta consequatur rerum ex perspiciatis dolor.','2020-08-19 21:25:51','2021-03-11 03:52:47'),(79,79,19,'Molestiae hic harum nulla illo aut asperiores.','Excepturi quis necessitatibus impedit minus. Occaecati reprehenderit nihil ratione voluptatem. Tempore quas omnis velit ipsa culpa quam qui. Architecto temporibus dolore enim et.','2020-07-21 14:18:04','2021-03-10 03:42:42'),(80,80,20,'Deleniti et sunt pariatur deleniti inventore esse.','Ipsa ea dolores vel harum ut ut doloremque. Qui exercitationem enim nostrum. Qui ea consectetur dolorum officiis.','2021-01-14 12:12:09','2021-03-15 03:32:08'),(81,81,21,'Quis et velit vel similique.','Esse nobis cumque consectetur qui omnis eveniet eos. Iste deserunt qui repudiandae porro veniam nostrum suscipit eos. Ipsam cumque rerum modi hic vitae ut sunt. Ut autem aliquam labore recusandae corrupti omnis iste architecto.','2020-11-22 19:07:35','2021-03-06 20:26:32'),(82,82,22,'Vitae occaecati ratione necessitatibus perferendis.','Officiis et natus reiciendis. Aut tempora numquam ex illum nihil dicta. Aut asperiores accusamus expedita incidunt quas. Aliquam ut exercitationem commodi fugiat corrupti.','2021-01-02 04:31:10','2021-03-17 05:40:38'),(83,83,23,'Sunt et ad alias est reprehenderit.','Cupiditate delectus vel deserunt ea sit. Et id id et sit quisquam. Corrupti similique nulla dolores tempore velit. Harum eos omnis voluptas nulla dolorum quod eum.','2021-03-27 18:48:01','2021-03-01 13:16:39'),(84,84,24,'Aut tempora ad consequatur laboriosam ea iusto.','Tempore quis nulla assumenda in. Reiciendis tenetur perspiciatis praesentium et. Nesciunt sint aut natus illo modi a quia. Facere illum velit eum ex praesentium nulla.','2020-08-25 06:06:42','2021-03-07 14:18:57'),(85,85,25,'Quibusdam officia magni pariatur quo.','Velit est ut nihil eum unde iste hic. Quo sint ea perspiciatis voluptatem nihil. Totam fugiat voluptatem dolore quis omnis.','2020-04-27 17:40:18','2021-03-25 00:06:45'),(86,86,26,'Sed harum molestiae mollitia quos et.','Provident voluptas ipsum possimus voluptas voluptates eius facere. Nulla eligendi ducimus blanditiis eum. Blanditiis dolore tempora illo saepe doloremque. Quam sit eaque adipisci sit velit et.','2020-12-11 20:40:13','2021-03-16 07:44:16'),(87,87,27,'Veritatis fugit possimus explicabo consequuntur et accusantium.','Sequi quod at aspernatur veniam repudiandae asperiores amet rerum. Ab et cupiditate architecto non. Cupiditate quod ipsa laboriosam quae. Nesciunt consequuntur ipsum est tempore. Laboriosam soluta reiciendis quo doloribus laboriosam.','2021-02-13 06:21:20','2021-03-06 08:38:23'),(88,88,28,'Quia non praesentium rerum debitis.','Quo quo beatae assumenda totam dolorem vitae ad. Optio molestiae tempora aliquam velit. Qui facilis qui amet accusamus deserunt.','2021-01-21 01:59:32','2021-03-25 22:17:21'),(89,89,29,'Quasi repellendus a voluptatem qui dignissimos possimus quibusdam.','Quaerat rerum qui adipisci itaque ad distinctio at. Ipsum commodi consequatur ratione voluptatibus. Autem eligendi laudantium voluptatem. Voluptatibus rerum dolor praesentium illo aut.','2020-06-19 07:38:19','2021-03-18 18:52:28'),(90,90,30,'Atque et occaecati sed accusantium.','Fuga ut id est aut commodi. Officiis ut esse non magnam voluptates doloribus. Quam occaecati nostrum qui accusantium dolorum accusantium. Nam optio facilis quisquam illum hic.','2020-11-02 05:37:59','2021-03-24 05:39:28'),(91,91,1,'Ipsa aspernatur dolorum non ut qui et officiis.','Nemo placeat illo amet pariatur possimus. Numquam reiciendis expedita dolorem. Nisi eos velit omnis numquam sit est inventore.','2020-10-18 11:41:26','2021-03-26 12:41:06'),(92,92,2,'Porro veritatis quos provident voluptatum nam.','Sit voluptatum hic delectus quo tenetur incidunt nihil. Et quo vitae nobis dolorum dolor voluptatem aliquam. Maxime non non non doloremque cum error in. Consectetur non provident reiciendis ut quibusdam.','2020-06-07 16:56:40','2021-03-21 03:40:11'),(93,93,3,'Esse eveniet molestiae omnis qui quo blanditiis sunt ullam.','Aut repellendus qui sequi nam laboriosam hic et. Architecto dolor iure distinctio est laborum. Non est similique fugit minus quidem.','2021-01-23 22:38:44','2021-03-25 07:50:29'),(94,94,4,'Consequuntur cum dolorum ut totam.','Unde dolor repellat est voluptate facilis doloribus. Provident sit labore recusandae eos fugit hic voluptatem. Impedit est molestias culpa debitis mollitia.','2021-01-12 11:41:44','2021-03-05 12:30:50'),(95,95,5,'Architecto ut consequatur ut dolore suscipit voluptatem.','Optio delectus sed vel aspernatur. Necessitatibus suscipit natus vero rerum velit consequatur aspernatur. Temporibus eveniet qui modi tempore et. Expedita aspernatur quae natus debitis.','2021-01-16 10:18:15','2021-03-14 01:08:13'),(96,96,6,'Dolore quasi atque rem nostrum consequatur.','Dolor officiis nisi iure adipisci est. Accusantium non non iusto sed accusantium.','2020-06-14 06:11:48','2021-03-13 03:14:12'),(97,97,7,'Sed rem assumenda laborum nostrum aut et.','Est dolor repellat vitae rerum aut corrupti. Optio voluptates reprehenderit et distinctio enim. Aut quo ratione cum quidem nesciunt.','2020-05-12 19:17:04','2021-03-06 13:01:43'),(98,98,8,'Aspernatur dolores sit perspiciatis enim et illo voluptatem.','Quas et aliquid voluptas est doloremque soluta a. Aliquid ad tempora sit voluptatem tempore qui inventore magni.','2020-04-21 21:55:52','2021-03-17 08:40:25'),(99,99,9,'Exercitationem sint et impedit eos consequatur voluptatum.','Non et culpa deleniti repellendus nemo sed ad cupiditate. Aut unde doloribus porro molestiae. Eos vel soluta ab nihil eum velit. Minus commodi error nemo minus est sit et.','2020-12-04 02:44:59','2021-03-05 05:13:50'),(100,100,10,'Vel autem ducimus enim ipsam vero.','Nulla ad eius architecto repellendus quibusdam quo pariatur inventore. Minima maiores perferendis ab ratione.','2020-09-24 04:43:24','2021-03-17 07:20:57');

INSERT INTO raiting_voiting_articles VALUES (2,84,1,'2020-12-11 10:56:19'),(9,80,1,'2020-12-23 18:29:35'),(11,47,1,'2020-05-05 01:43:20'),(13,62,1,'2020-09-02 22:36:54'),(14,61,1,'2020-09-12 18:55:02'),(14,69,-1,'2021-02-14 07:51:50'),(14,99,1,'2020-05-05 23:39:24'),(16,68,1,'2020-06-25 05:47:35'),(18,55,-1,'2020-07-29 20:51:52'),(20,66,-1,'2020-06-28 02:57:28'),(20,100,1,'2020-04-16 09:32:21'),(28,88,1,'2020-04-04 20:21:22'),(31,84,1,'2020-12-03 04:15:12'),(32,36,1,'2021-01-19 09:19:44'),(34,37,-1,'2020-11-02 13:32:52'),(34,98,1,'2021-01-28 10:46:40'),(37,12,1,'2020-06-28 11:41:50'),(38,30,-1,'2020-08-16 04:59:14'),(39,11,-1,'2020-08-26 20:56:24'),(40,56,-1,'2020-08-24 03:49:39'),(41,51,1,'2021-01-25 06:31:11'),(42,53,-1,'2021-03-16 04:19:42'),(44,79,1,'2020-03-29 12:21:42'),(48,67,1,'2021-02-06 01:30:47'),(49,85,1,'2020-08-31 05:23:19'),(50,48,1,'2020-07-16 16:02:05'),(53,92,-1,'2020-08-30 15:55:07'),(54,30,1,'2021-01-04 11:37:38'),(54,74,1,'2020-06-16 10:41:58'),(56,76,-1,'2021-01-02 21:53:36'),(57,7,-1,'2020-12-31 20:41:46'),(57,41,1,'2020-09-03 20:50:38'),(58,25,-1,'2020-08-27 01:52:38'),(58,73,1,'2020-11-29 02:37:20'),(59,37,-1,'2020-05-14 05:10:14'),(63,20,1,'2020-09-25 21:20:07'),(67,32,-1,'2020-07-14 06:12:03'),(69,69,-1,'2020-08-10 22:17:47'),(72,23,1,'2020-08-07 09:25:01'),(73,15,-1,'2021-01-07 09:28:05'),(73,24,-1,'2020-09-28 17:00:06'),(75,82,-1,'2020-07-09 17:46:39'),(76,48,-1,'2020-09-09 17:46:21'),(77,13,1,'2020-06-07 21:47:40'),(78,12,-1,'2020-12-20 05:49:15'),(80,35,-1,'2021-03-20 21:31:12'),(81,59,1,'2020-06-21 18:26:59'),(81,88,1,'2020-07-03 20:56:36'),(85,29,1,'2020-12-27 13:18:42'),(85,40,-1,'2020-04-06 20:06:21'),(86,33,1,'2021-01-01 09:53:34'),(89,27,-1,'2020-07-17 11:59:41'),(93,44,-1,'2020-05-08 03:23:59'),(94,67,-1,'2021-03-25 00:15:58'),(94,96,-1,'2020-05-16 18:09:43'),(95,39,1,'2020-11-21 22:29:02'),(95,44,-1,'2020-12-29 03:33:12'),(97,4,-1,'2021-02-09 05:54:46'),(98,89,-1,'2020-05-25 01:42:39');

INSERT INTO comments VALUES (1,53,44,'2021-01-15 14:53:00','2021-03-21 14:42:12','Qui voluptatem dolorem corrupti eaque.'),(2,66,79,'2021-01-23 21:51:45','2021-03-18 20:10:39','Ipsa est nobis debitis et nostrum.'),(3,89,31,'2020-08-28 10:23:21','2021-03-16 15:14:04','Aspernatur esse sequi saepe consequatur.'),(4,26,37,'2020-08-03 18:53:01','2021-03-26 19:10:32','Eveniet voluptatum ullam consequatur nulla dolores recusandae quaerat.'),(5,68,61,'2020-12-23 17:20:55','2021-03-14 03:28:43','Veniam in minus nam est quae voluptatibus voluptate.'),(6,82,29,'2021-03-18 19:24:58','2021-03-21 05:10:55','Accusantium totam soluta laboriosam hic mollitia aut.'),(7,65,24,'2020-04-19 19:43:46','2021-03-10 19:00:24','Et sit consequatur debitis vitae ipsam aliquam cupiditate.'),(8,1,57,'2020-04-23 03:58:05','2021-03-20 18:33:05','Rerum ut nihil qui nemo dolores ea eum.'),(9,41,20,'2020-06-14 16:34:38','2021-03-11 12:20:18','Nisi minus ut earum est et.'),(10,13,36,'2021-01-26 18:56:30','2021-03-05 08:40:34','Voluptas in consequatur quas et consequatur eius.'),(11,1,75,'2021-02-23 19:00:54','2021-03-26 19:20:01','Voluptas est numquam molestiae sit placeat sit tempora soluta.'),(12,10,65,'2020-04-03 07:19:58','2021-03-02 09:29:37','Qui voluptatem aut ipsa occaecati voluptatibus dolore molestiae qui.'),(13,93,50,'2020-11-29 12:56:07','2021-03-10 18:14:38','Beatae autem voluptatem alias.'),(14,43,27,'2020-12-21 01:00:55','2021-03-10 09:47:20','Nihil ea non similique voluptatem.'),(15,14,63,'2021-02-21 20:51:30','2021-03-24 20:21:30','Est inventore temporibus ad at expedita qui.'),(16,64,67,'2020-12-27 18:28:05','2021-03-20 02:02:11','Consequatur inventore quidem at libero velit quia.'),(17,7,30,'2020-11-22 04:22:47','2021-03-04 05:21:16','Nesciunt perspiciatis eos aliquam sunt quis non amet.'),(18,46,96,'2021-01-04 17:04:51','2021-03-01 23:13:57','Nihil adipisci ducimus sit voluptates.'),(19,60,71,'2021-03-05 20:02:45','2021-03-11 12:19:04','Id deleniti et dicta architecto quae ut laudantium.'),(20,32,28,'2020-10-02 02:39:55','2021-03-05 22:03:47','Provident sapiente quod natus placeat saepe et.'),(21,31,13,'2020-09-28 11:30:34','2021-03-06 14:59:40','Sunt iure ut dolor nihil sint voluptate eligendi.'),(22,56,96,'2021-02-18 00:46:52','2021-03-07 07:29:41','Nisi quam quisquam veniam aut.'),(23,37,56,'2020-06-20 21:07:07','2021-03-10 10:25:31','Reiciendis quis asperiores eligendi qui architecto tenetur quo.'),(24,53,77,'2020-09-02 03:54:50','2021-03-02 14:18:19','Et a placeat distinctio fuga.'),(25,76,66,'2021-02-01 04:55:35','2021-03-03 17:12:29','Qui commodi sit rerum vel odit.'),(26,12,76,'2020-06-11 22:42:01','2021-03-25 07:30:49','Optio qui eius dignissimos dolorem mollitia fuga sed.'),(27,40,22,'2020-04-12 00:35:37','2021-03-06 03:58:50','Explicabo autem deleniti alias voluptatem soluta rerum nihil qui.'),(28,40,32,'2020-12-25 04:56:07','2021-03-04 20:45:06','Delectus consequuntur esse consectetur vero sed et aut.'),(29,72,82,'2020-06-24 18:22:26','2021-03-14 12:21:34','Corporis ipsa temporibus quod dolores.'),(30,59,85,'2020-07-30 17:03:17','2021-03-02 19:41:30','Non ut rerum quasi vel deserunt ipsa.'),(31,45,23,'2020-07-14 22:48:26','2021-03-20 15:50:10','Est nostrum facere rem et omnis.'),(32,52,51,'2020-04-11 12:51:15','2021-03-23 19:29:17','Id voluptatem et eveniet omnis temporibus quo quam.'),(33,52,98,'2020-08-13 11:29:44','2021-03-16 05:28:29','Est quae reprehenderit facilis ipsum delectus voluptatum aut.'),(34,46,11,'2020-04-08 20:06:08','2021-03-10 03:44:07','Sit accusantium enim dolor eum ipsum.'),(35,68,78,'2020-10-11 10:29:18','2021-03-09 23:47:10','Et in rerum ratione.'),(36,39,99,'2020-06-26 15:08:18','2021-03-26 22:16:04','Similique corporis voluptas adipisci nihil libero.'),(37,90,94,'2021-03-07 00:52:03','2021-03-10 13:25:57','Sed tempora quis expedita quisquam sunt voluptas reiciendis inventore.'),(38,95,27,'2020-12-14 18:48:56','2021-03-11 02:23:13','Ipsum quia numquam qui et facere consectetur.'),(39,49,48,'2020-08-28 17:53:23','2021-03-05 11:40:56','Assumenda blanditiis eligendi culpa est corrupti.'),(40,3,24,'2021-03-06 09:33:13','2021-03-13 08:45:46','Harum corporis nulla alias sed eligendi tempore.'),(41,13,15,'2020-07-05 02:10:59','2021-03-04 21:01:11','Rerum impedit enim ipsam sequi.'),(42,100,52,'2020-10-23 22:06:27','2021-03-28 06:29:47','Quaerat velit quibusdam qui molestias.'),(43,36,39,'2021-01-03 13:09:31','2021-03-18 01:47:45','Voluptates quasi velit veniam deleniti repellat voluptates.'),(44,84,7,'2020-07-13 03:37:35','2021-03-28 15:28:52','Aut consequuntur numquam aspernatur eligendi alias soluta sunt.'),(45,20,43,'2020-09-17 11:17:08','2021-03-26 22:52:02','Deserunt occaecati iusto saepe voluptate necessitatibus.'),(46,92,65,'2020-05-25 08:42:48','2021-03-05 09:16:57','Libero voluptatibus ut ab.'),(47,65,44,'2021-02-04 17:59:42','2021-03-10 01:58:36','Quod ut excepturi a omnis.'),(48,16,16,'2020-05-19 11:16:04','2021-03-05 00:59:12','Eius accusamus alias explicabo quo et molestiae.'),(49,41,61,'2020-05-19 11:01:27','2021-03-26 19:12:39','Ipsa dicta dolorum vel corporis.'),(50,27,9,'2020-10-07 15:05:02','2021-03-04 16:14:14','Rerum quae officiis et excepturi repellat.'),(51,39,65,'2020-08-29 07:45:44','2021-03-16 07:48:41','Iusto quae adipisci in suscipit est ipsa sit.'),(52,7,29,'2021-01-16 23:23:08','2021-03-09 15:47:35','Rerum quod ducimus reiciendis et ut non.'),(53,59,2,'2020-05-11 12:52:22','2021-03-14 22:14:02','Corporis quae ad velit ut saepe nihil.'),(54,55,7,'2021-02-10 12:37:45','2021-03-18 23:24:50','Voluptate nihil quidem nam quibusdam dignissimos est aliquam blanditiis.'),(55,49,58,'2021-01-28 08:56:37','2021-03-06 16:50:01','Corporis doloremque eius et aut rerum possimus in aut.'),(56,31,62,'2020-07-24 23:29:03','2021-03-21 06:15:03','Deserunt at aut ut odio ipsum dolor commodi.'),(57,72,31,'2021-01-05 01:19:21','2021-03-23 22:56:24','Eligendi eum numquam velit tenetur alias.'),(58,14,8,'2020-04-01 15:17:14','2021-03-06 04:27:51','Earum animi ducimus accusantium illum voluptates voluptatem dolores.'),(59,69,97,'2020-07-28 21:50:31','2021-03-22 03:33:07','Ipsam accusamus fuga voluptas.'),(60,15,89,'2020-07-07 18:09:36','2021-03-08 10:49:41','Consequuntur qui harum enim optio.'),(61,40,7,'2020-05-09 14:49:29','2021-03-05 06:11:32','Laboriosam eum explicabo consequatur blanditiis impedit sint nisi.'),(62,53,4,'2020-12-31 00:04:26','2021-03-11 11:47:53','Ea repellat est voluptas vel odit deleniti aut.'),(63,50,68,'2020-07-25 05:22:38','2021-03-08 01:11:37','Dolor error facilis consequatur quam.'),(64,20,91,'2020-07-20 10:12:17','2021-03-15 09:27:29','Enim voluptates nemo excepturi magni.'),(65,29,46,'2020-04-05 02:55:59','2021-03-02 11:30:01','Necessitatibus et asperiores voluptas dolorem aut numquam.'),(66,99,67,'2020-08-28 23:20:08','2021-03-22 23:16:55','Qui possimus eos quisquam qui quis.'),(67,11,6,'2020-11-03 12:31:56','2021-03-22 03:15:46','Voluptate nihil cupiditate aut ut.'),(68,96,69,'2020-07-20 18:28:30','2021-03-02 03:36:24','Omnis vel ipsa quo nihil iure dolorem quia.'),(69,7,50,'2020-08-20 14:18:57','2021-03-12 22:44:12','Soluta aliquid occaecati consequuntur eaque quasi.'),(70,76,55,'2020-05-14 14:51:30','2021-03-06 21:13:06','Omnis quidem sit nisi omnis voluptatem.'),(71,7,7,'2020-12-14 01:32:39','2021-03-27 17:51:36','Inventore porro eveniet et facere qui sequi rerum.'),(72,16,79,'2020-10-23 14:25:08','2021-03-01 20:19:52','Et qui ad aut et et assumenda quis.'),(73,37,29,'2020-04-13 19:46:12','2021-03-05 14:19:46','Ut natus in voluptas earum hic.'),(74,86,6,'2020-12-23 23:52:30','2021-03-22 12:15:43','Unde incidunt ipsa sint molestiae.'),(75,26,1,'2021-01-31 20:03:51','2021-03-12 20:20:06','Molestiae et qui reprehenderit error fuga blanditiis.'),(76,94,66,'2020-10-08 14:16:02','2021-03-20 01:34:05','Itaque ut ab reiciendis id sunt est.'),(77,7,47,'2021-03-07 02:56:22','2021-03-05 08:18:04','Dolor aut et in praesentium soluta.'),(78,69,57,'2020-11-10 18:45:27','2021-03-05 16:16:02','Minus animi eaque eum et qui laborum aliquid consequuntur.'),(79,15,89,'2020-04-19 05:11:54','2021-03-19 06:43:18','Possimus aut qui voluptas voluptas natus.'),(80,47,43,'2020-10-01 07:59:33','2021-03-19 18:09:29','Molestiae soluta ut ex et ipsam.'),(81,35,45,'2020-06-30 06:14:43','2021-03-22 01:49:46','Numquam ut aperiam expedita accusamus veniam dolorum sunt.'),(82,10,45,'2020-07-01 12:09:09','2021-03-18 23:17:19','Beatae neque dolorem eius rerum aliquid.'),(83,50,5,'2020-08-31 04:49:30','2021-03-09 16:19:27','Voluptatibus eum provident voluptas nobis sapiente aliquam minima.'),(84,14,56,'2020-05-25 05:31:46','2021-03-26 00:18:15','Velit perspiciatis quidem iusto qui exercitationem nostrum.'),(85,55,90,'2020-07-03 04:02:44','2021-03-23 02:08:00','Sint aut impedit necessitatibus suscipit illo.'),(86,11,61,'2020-06-01 08:16:33','2021-03-06 01:29:52','Qui ducimus quaerat iure reiciendis quaerat.'),(87,96,27,'2021-01-24 00:55:55','2021-03-26 06:31:51','Sunt aut ab consequuntur nihil natus id.'),(88,40,33,'2020-04-30 02:49:51','2021-03-13 14:55:00','Quam neque qui est fugiat placeat vero.'),(89,56,25,'2021-02-03 06:23:09','2021-03-14 00:00:01','Laboriosam minus itaque aliquam accusantium eos.'),(90,38,81,'2020-05-01 22:50:22','2021-03-25 10:45:50','Sed nisi facere velit id.'),(91,26,32,'2020-09-29 03:50:02','2021-03-15 23:45:19','Ut minus eius consequatur eos quo.'),(92,46,32,'2020-09-19 05:09:21','2021-03-02 06:36:10','Neque nesciunt non labore maiores deserunt alias.'),(93,78,15,'2020-09-03 12:17:54','2021-03-21 18:34:18','Qui voluptas molestiae quasi quod quis qui inventore dolorum.'),(94,88,92,'2020-12-10 12:18:13','2021-03-02 03:00:57','Vel ut quas ullam dolor sit ducimus.'),(95,4,35,'2021-02-19 08:32:31','2021-03-01 08:24:42','Qui nemo et eveniet eaque nemo.'),(96,34,38,'2020-11-04 07:34:38','2021-03-25 04:07:26','Qui quos et aut consequatur enim doloribus quia.'),(97,79,44,'2020-11-14 03:07:57','2021-03-27 08:57:23','Vel voluptatibus cumque velit delectus voluptate.'),(98,83,29,'2020-06-18 11:49:29','2021-03-08 14:28:15','Minima dignissimos minus placeat quos et pariatur illo.'),(99,49,96,'2020-12-18 01:47:55','2021-03-01 01:46:58','Aliquam quo ullam eius vitae quam nam.'),(100,84,3,'2020-10-06 13:00:32','2021-03-04 05:57:01','Atque quos rem rerum magni tempore sit.');

INSERT INTO raiting_voiting_comments VALUES (1,34,-1,'2020-12-03 17:05:47'),(2,76,-1,'2020-10-04 21:47:42'),(2,84,1,'2020-11-10 09:12:21'),(3,34,-1,'2020-12-07 02:53:49'),(4,17,0,'2021-02-06 01:52:20'),(6,13,0,'2021-01-31 19:11:22'),(7,34,-1,'2020-11-12 14:13:42'),(7,50,0,'2020-11-14 23:14:43'),(8,42,-1,'2021-03-24 15:58:12'),(8,44,-1,'2020-10-22 09:51:20'),(8,98,1,'2020-06-25 07:06:37'),(10,76,0,'2020-06-05 23:36:09'),(10,85,0,'2021-02-25 13:59:01'),(11,9,0,'2020-08-13 12:59:45'),(11,23,-1,'2020-11-18 09:34:38'),(11,60,0,'2021-02-08 09:45:51'),(12,29,0,'2020-07-29 18:36:48'),(12,67,-1,'2020-10-22 02:57:16'),(14,20,0,'2021-03-17 23:36:13'),(14,83,1,'2021-01-16 19:40:46'),(14,99,0,'2020-04-27 22:24:13'),(16,9,0,'2020-10-23 11:12:55'),(16,81,1,'2021-01-18 16:31:45'),(17,83,1,'2020-12-24 04:52:07'),(18,58,1,'2020-12-01 22:36:12'),(18,74,-1,'2020-12-01 03:55:05'),(19,33,0,'2021-02-12 20:12:42'),(21,7,-1,'2020-11-07 00:20:36'),(21,48,1,'2020-07-20 08:00:09'),(22,78,1,'2020-10-08 09:39:27'),(24,72,-1,'2020-10-14 18:29:39'),(25,54,1,'2020-11-18 08:57:49'),(25,56,0,'2020-08-26 00:34:04'),(26,68,0,'2020-05-13 10:26:24'),(27,40,-1,'2021-03-19 02:06:06'),(27,58,1,'2020-06-24 19:11:10'),(27,69,0,'2020-05-27 07:26:59'),(29,61,0,'2020-09-14 08:40:04'),(29,62,-1,'2021-01-26 20:38:03'),(29,79,1,'2021-03-27 14:50:20'),(29,92,0,'2020-12-21 17:15:35'),(33,40,1,'2020-06-21 10:31:09'),(33,68,-1,'2020-08-18 19:49:22'),(34,25,1,'2020-05-05 07:20:43'),(35,53,0,'2021-02-24 12:30:41'),(36,57,-1,'2020-08-31 21:23:08'),(37,12,0,'2020-11-06 05:13:37'),(39,81,-1,'2020-05-20 12:31:38'),(40,47,0,'2020-07-22 08:03:50'),(40,79,1,'2020-11-24 16:08:24'),(41,32,0,'2021-01-11 16:36:56'),(41,66,1,'2020-04-03 01:08:37'),(42,21,0,'2020-08-25 08:42:42'),(43,25,0,'2021-01-19 11:42:31'),(43,26,0,'2020-04-14 21:29:49'),(43,96,0,'2020-07-02 13:00:12'),(51,33,1,'2020-11-01 22:24:44'),(53,59,0,'2020-08-22 16:09:31'),(54,47,-1,'2020-10-31 20:29:07'),(55,17,1,'2020-08-19 03:14:33'),(55,83,0,'2020-12-06 19:35:23'),(56,93,0,'2021-01-01 04:07:24'),(57,7,1,'2020-04-10 02:36:22'),(57,94,1,'2020-04-22 03:16:58'),(58,28,1,'2020-12-01 01:52:14'),(60,37,0,'2020-10-18 03:49:10'),(60,60,-1,'2020-10-06 16:25:18'),(63,56,-1,'2020-10-10 08:30:16'),(63,81,1,'2020-08-16 14:38:13'),(65,64,1,'2020-10-18 00:05:28'),(66,12,0,'2020-06-03 18:37:14'),(66,95,-1,'2020-04-17 01:56:37'),(66,96,0,'2020-07-24 08:34:05'),(67,43,0,'2021-03-24 10:35:45'),(68,44,-1,'2020-07-06 15:38:33'),(69,33,-1,'2020-06-18 23:32:39'),(69,76,1,'2021-01-16 17:13:39'),(69,96,1,'2021-02-14 18:02:26'),(71,44,-1,'2020-11-07 20:41:05'),(71,85,1,'2020-12-27 04:52:21'),(74,79,1,'2020-11-11 05:02:42'),(75,83,-1,'2020-05-31 14:12:13'),(76,35,-1,'2020-08-30 03:32:07'),(76,81,1,'2020-05-22 10:47:24'),(79,32,1,'2020-07-16 17:01:28'),(79,42,-1,'2021-03-13 21:33:48'),(79,64,-1,'2020-06-15 04:25:42'),(80,11,-1,'2020-07-19 22:27:09'),(84,27,1,'2020-08-24 12:32:56'),(87,64,-1,'2020-07-05 22:30:51'),(89,42,0,'2021-02-03 09:20:49'),(89,69,-1,'2021-01-22 01:57:02'),(91,91,-1,'2020-04-07 05:23:40'),(92,83,1,'2020-06-02 16:46:50'),(95,42,-1,'2021-02-16 13:28:25'),(96,13,1,'2020-12-05 06:26:45'),(96,48,1,'2020-05-30 07:02:36'),(96,97,-1,'2020-08-07 20:42:28'),(100,3,-1,'2020-06-15 19:42:24'),(100,71,0,'2020-09-29 01:21:32');

INSERT INTO raiting VALUES (1,-76),(2,218),(3,2),(4,366),(5,96),(6,91),(7,26),(8,205),(9,235),(10,404),(11,131),(12,-54),(13,421),(14,-81),(15,488),(16,24),(17,308),(18,140),(19,194),(20,432),(21,392),(22,437),(23,50),(24,183),(25,-34),(26,351),(27,8),(28,-22),(29,499),(30,-92),(31,307),(32,13),(33,391),(34,472),(35,-74),(36,-63),(37,69),(38,442),(39,82),(40,18),(41,436),(42,351),(43,412),(44,325),(45,119),(46,-63),(47,166),(48,253),(49,61),(50,82),(51,365),(52,218),(53,3),(54,456),(55,124),(56,163),(57,142),(58,268),(59,396),(60,105),(61,-41),(62,63),(63,251),(64,86),(65,-45),(66,153),(67,322),(68,283),(69,425),(70,492),(71,457),(72,381),(73,225),(74,434),(75,166),(76,348),(77,-25),(78,-3),(79,118),(80,211),(81,399),(82,413),(83,350),(84,90),(85,45),(86,295),(87,493),(88,112),(89,9),(90,28),(91,429),(92,273),(93,-8),(94,89),(95,-50),(96,455),(97,437),(98,122),(99,254),(100,190);

INSERT INTO users_interests VALUES (1,6),(1,9),(2,15),(3,1),(4,4),(4,9),(5,22),(6,21),(6,28),(7,27),(10,2),(11,14),(11,22),(13,6),(13,15),(14,10),(15,29),(16,7),(17,10),(18,26),(19,4),(19,30),(20,9),(20,26),(24,14),(24,22),(25,2),(28,29),(29,21),(30,2),(31,12),(31,28),(33,21),(34,18),(35,4),(35,30),(36,8),(38,2),(39,7),(40,1),(40,28),(41,7),(42,10),(43,3),(43,20),(44,20),(45,13),(45,27),(48,14),(48,23),(48,29),(49,5),(51,6),(51,11),(53,8),(53,24),(54,9),(54,12),(56,16),(56,30),(57,16),(58,5),(59,3),(59,5),(59,20),(60,6),(60,23),(61,11),(62,12),(63,13),(64,3),(64,18),(65,19),(67,11),(68,17),(71,25),(71,27),(72,24),(73,10),(76,26),(77,1),(79,17),(82,19),(82,23),(85,15),(85,17),(86,18),(88,4),(88,24),(89,8),(91,19),(93,3),(95,1),(95,7),(95,13),(95,25),(96,16),(98,5),(99,25);

INSERT INTO subscribers VALUES (1,48),(2,7),(2,33),(2,59),(4,51),(6,77),(6,100),(8,94),(9,6),(9,61),(9,84),(11,39),(11,75),(12,3),(13,12),(15,53),(17,70),(21,22),(21,49),(23,67),(23,92),(24,30),(25,56),(26,22),(26,31);

INSERT INTO messages VALUES (1,68,36,'Aliquid ut explicabo eum nulla reiciendis qui labore. Ratione velit nihil velit modi dignissimos.',1,'2020-06-16 04:07:34','2021-03-26 20:37:40'),(2,72,92,'Fugiat vel ad molestiae harum omnis facilis doloremque enim. Sed et beatae facere esse consequuntur nihil. Earum ea voluptatem est.',0,'2020-07-28 20:52:04','2021-03-27 09:34:02'),(3,14,30,'Sint illo sint voluptas pariatur. Est tenetur enim numquam veniam. Eos fuga commodi veniam fuga. Id a reiciendis eos incidunt neque sequi ducimus.',0,'2021-02-14 06:55:34','2021-03-10 23:08:53'),(4,100,48,'Eius non delectus optio aliquam alias nemo laborum harum. Culpa ut numquam distinctio adipisci rerum dolores dolor. Officiis ut ipsam libero molestiae in.',0,'2020-09-18 05:38:14','2021-03-07 12:37:09'),(5,16,68,'Dolorem in qui voluptas sunt. Ex sapiente adipisci rerum occaecati nesciunt aspernatur.',0,'2020-09-12 11:02:04','2021-03-22 05:19:24'),(6,63,22,'Sed corrupti cumque itaque id et. Perspiciatis qui ipsa in aut necessitatibus.',1,'2020-08-05 12:44:36','2021-03-08 06:15:45'),(7,83,31,'Consequatur hic occaecati aut accusantium veritatis et asperiores neque. Ab totam aspernatur odio qui eaque. Ab eum et accusantium. Magnam magni modi iste quia eveniet quia qui enim.',1,'2021-01-19 17:54:08','2021-03-08 08:09:46'),(8,77,64,'Similique debitis aut molestias non. Id placeat non quos repellat omnis. Laudantium non quis magnam cum quaerat dolorum illum. Et odio repellat inventore earum.',0,'2020-04-09 23:58:45','2021-03-22 15:53:56'),(9,69,35,'Fugit nesciunt id sint animi doloribus velit. Rerum non autem laborum qui odio. A officiis voluptas nobis voluptatem excepturi.',0,'2020-12-09 18:46:12','2021-03-19 11:27:51'),(10,7,88,'Odit id minus sint vitae. Illo non laboriosam corporis nihil dolorem. Consequuntur quibusdam pariatur repudiandae quae iusto ut mollitia. Facilis fuga voluptatum quia sequi.',0,'2020-09-25 11:20:16','2021-03-09 00:34:31'),(11,71,93,'Iure ipsa eaque dolore dignissimos molestiae voluptas. Et cupiditate quia et asperiores iste enim. Eos aliquam corporis soluta odio omnis. Aut expedita aut fugiat aut qui. Et delectus voluptatem et totam voluptas dolorem.',1,'2020-04-05 21:17:04','2021-03-06 23:28:57'),(12,21,79,'Fugit sit quasi labore et et soluta. Voluptatem perferendis cumque culpa et rerum. Laudantium doloribus sed corrupti unde est sequi omnis. Et dolorum aut quaerat.',0,'2020-07-16 08:56:43','2021-03-03 00:58:02'),(13,80,96,'Sint veniam cum quod voluptatem deleniti quo. Tempora architecto quidem cupiditate assumenda vitae excepturi. Nihil consequatur alias inventore omnis sit.',1,'2020-09-28 21:59:25','2021-03-19 01:50:21'),(14,27,38,'Et assumenda totam at ut nobis. Sunt laboriosam vitae rem eveniet optio dolorum. Perferendis dicta sit cumque voluptas odio quia molestias. Quo voluptatem modi saepe ut dolor.',0,'2021-01-03 02:14:33','2021-03-07 09:00:22'),(15,63,82,'Quidem nulla quia debitis ut eos qui. Sapiente quas nesciunt praesentium deserunt qui minus. Et praesentium quaerat omnis.',1,'2020-09-08 23:12:45','2021-02-28 20:07:24'),(16,26,31,'Modi eius ab nisi aut blanditiis totam. Corporis voluptatem aspernatur incidunt commodi corrupti iusto ut. Autem placeat impedit laudantium necessitatibus qui cupiditate. Rem animi rem et.',1,'2021-02-16 23:09:37','2021-03-13 19:25:42'),(17,17,97,'Vel ut qui et soluta ut eveniet quisquam. Aliquam qui numquam consequatur est. Autem commodi dolor facere optio voluptatem dolor laboriosam.',0,'2020-09-19 23:31:29','2021-03-19 20:06:53'),(18,23,31,'Sunt sed voluptatem culpa dolor in aliquid omnis dignissimos. Perferendis aut et ea vel. Totam sit officiis aperiam est tenetur.',0,'2020-11-06 17:51:37','2021-03-15 05:20:51'),(19,27,22,'Repudiandae inventore aut iure cum aut autem quisquam. Tempore blanditiis nam asperiores adipisci magnam et autem. Illo reprehenderit temporibus ut.',1,'2020-08-28 20:37:09','2021-03-08 15:17:55'),(20,78,42,'Incidunt vel qui voluptatum molestiae architecto in. Voluptatem ipsum molestias eos dignissimos autem. Laborum aut exercitationem consequatur quia.',0,'2021-02-26 01:28:04','2021-03-12 02:50:13'),(21,90,40,'Praesentium inventore veniam et animi. Veniam iusto est ut doloremque ea perspiciatis. Nisi omnis enim et excepturi distinctio.',0,'2020-10-14 01:27:09','2021-03-09 20:14:45'),(22,63,73,'Nihil ipsam sed nihil ipsam voluptatum molestiae earum. Pariatur alias et et nostrum in quae. Ad molestias culpa in delectus quisquam.',0,'2020-09-26 12:15:39','2021-03-16 22:27:04'),(23,71,40,'Nam rem blanditiis repellat rerum. Consequatur dolores consequatur delectus fuga consequatur. Dignissimos officiis aut sint et blanditiis magni.',1,'2020-07-16 17:26:23','2021-03-25 20:28:48'),(24,36,39,'Omnis reiciendis architecto similique sit aut. Magni repudiandae officia perferendis commodi sint mollitia et quia. Voluptatem saepe rerum tempore eveniet. Veritatis dolore architecto dolorem blanditiis laudantium adipisci maxime.',0,'2020-11-18 05:10:06','2021-03-24 13:45:05'),(25,74,43,'Aut ex distinctio eos vitae. Dicta sunt aut quia modi commodi.',0,'2020-07-08 11:38:59','2021-03-20 20:52:02'),(26,26,45,'Neque ut nihil quaerat eos odit dicta aperiam. Qui vitae velit laudantium. Sint neque maiores est ea possimus omnis dolor. Et totam quas voluptatum optio animi voluptate. Culpa tempora veritatis sit et quisquam doloribus.',1,'2020-05-26 20:40:41','2021-03-17 21:14:57'),(27,35,47,'Ea omnis et necessitatibus et ea debitis consequatur. Et et sequi quae qui maiores accusamus porro. Omnis eveniet nam porro.',1,'2020-08-07 21:08:21','2021-03-13 14:46:34'),(28,23,15,'Dolor ad quia aut accusantium nostrum tenetur ea. Voluptas deserunt cum numquam quia rerum mollitia. Magnam ducimus veritatis consectetur culpa voluptas officia occaecati.',0,'2020-12-24 05:10:07','2021-03-07 21:55:58'),(29,43,49,'Voluptates quis veniam id omnis vero quaerat reprehenderit. Quis sunt pariatur sunt eius. Quod ipsa ab tempora sit velit. Dolores adipisci ut placeat. Veniam praesentium reiciendis maiores quas.',0,'2021-03-05 21:09:41','2021-03-08 00:15:57'),(30,53,5,'Sint veniam beatae totam voluptate sit cupiditate. Enim sequi architecto et. Eos rerum minus laboriosam placeat voluptatem. Et iure ipsum reprehenderit dolores.',1,'2020-06-01 12:26:45','2021-03-27 23:29:17'),(31,31,78,'Sed molestias fuga quidem et et nemo. Aspernatur ut quibusdam vero dolor omnis nesciunt ut. Facilis perferendis quam nam tempore consequatur aspernatur tempore.',1,'2020-06-16 12:06:57','2021-03-19 09:16:55'),(32,36,48,'Ullam quae molestiae ut velit odit esse. Vel quod officiis qui. Rerum eaque sit enim quis. Voluptas dolorem et eos consequatur ea quasi reprehenderit. Quia aut non dolor minus voluptatum vel est laboriosam.',0,'2020-05-04 06:31:33','2021-03-25 08:01:07'),(33,75,58,'Nesciunt repellat occaecati provident et sapiente odit laborum. Aut corrupti eos aut. Aliquam dolor dolore accusamus et harum.',1,'2020-07-17 18:26:51','2021-03-22 01:44:57'),(34,78,1,'Ipsum exercitationem voluptatibus quae. Ratione eligendi omnis est excepturi. Qui debitis deleniti repellat ut iusto.',1,'2020-11-08 10:52:37','2021-03-11 02:03:10'),(35,80,56,'Adipisci quasi sit omnis ullam. Rem et nostrum repellendus officia iste consequuntur dolor. Id aliquid quasi quia sed est suscipit et.',1,'2020-07-13 04:46:00','2021-03-11 23:24:06'),(36,43,69,'Eveniet dolor necessitatibus expedita est minus repudiandae. Expedita voluptatem porro adipisci eos. Voluptatem quo perferendis consequatur.',1,'2020-07-15 09:17:14','2021-03-11 02:21:44'),(37,96,6,'Laborum consequatur nam cum soluta voluptates est. Libero dolorem aliquid ea nostrum id aspernatur. Ratione rem exercitationem voluptatem beatae sit error. Officia blanditiis nobis officiis quis.',0,'2020-08-26 01:59:25','2021-03-18 04:08:49'),(38,41,66,'Iusto illum assumenda dolores iste. Reprehenderit tempore unde ut quos. Esse iure non accusamus quia omnis ut quis praesentium. Distinctio et magnam quia velit velit dolorum numquam.',0,'2020-04-04 20:19:12','2021-03-08 14:41:50'),(39,45,77,'Voluptates culpa adipisci vitae est eveniet dolores ipsam deleniti. Qui sapiente necessitatibus et ut. Pariatur harum vel quia excepturi commodi.',0,'2020-07-30 09:18:58','2021-03-09 04:18:20'),(40,4,19,'Omnis aliquam dolor quos esse reprehenderit harum nemo. Doloremque omnis assumenda eos vel. Tenetur eius fugit quia voluptas et architecto ea. Quod ut nostrum enim soluta officiis consequatur labore dicta.',0,'2020-09-02 01:56:18','2021-03-17 00:21:25'),(41,19,30,'Id beatae consequatur aut ex voluptas optio ducimus. Sunt voluptates et dolorem. Accusamus inventore omnis laudantium quae doloribus. In voluptates nostrum exercitationem praesentium.',0,'2020-04-04 04:38:49','2021-03-03 00:24:35'),(42,63,54,'Consequuntur id qui quam et distinctio dolor. Excepturi fugiat excepturi vel et odit. Quia repudiandae alias laudantium. Cupiditate quasi vel vitae velit.',1,'2021-03-20 10:03:55','2021-03-20 07:21:47'),(43,76,86,'Vel nesciunt deleniti recusandae et voluptates. Voluptas fuga qui eum dolore animi blanditiis. Vel libero ad vel eum repudiandae non rem nulla. Et accusamus illum maiores minima perferendis sint omnis.',1,'2020-12-23 20:18:01','2021-03-03 12:43:48'),(44,69,18,'Minus aliquam voluptas aperiam maiores vel est. Architecto voluptatum facere voluptatem magni libero quae autem. Autem corrupti iure aut reprehenderit nobis et dolorum.',1,'2021-03-24 14:48:12','2021-03-13 22:46:22'),(45,35,21,'Aspernatur culpa esse pariatur. Repudiandae autem doloribus iure cumque voluptatibus est. Aut recusandae consequatur sint voluptatibus eos dolorem sint hic.',0,'2020-08-08 16:54:30','2021-03-01 10:42:31'),(46,23,65,'Ea aliquam ab ipsum qui porro laboriosam quis. Aut distinctio sed sit sit qui voluptatem pariatur. Molestiae consequatur enim eligendi vel. A voluptatem dolores rerum excepturi quia. Voluptatem dolores odio illo voluptate reprehenderit ea aliquam.',0,'2020-12-05 07:27:43','2021-03-11 15:12:25'),(47,98,58,'Necessitatibus dolore quis ut labore pariatur ducimus voluptatem sunt. Recusandae quod est distinctio sed eos ab natus et. Odit id explicabo tenetur hic facilis.',0,'2020-08-26 11:04:29','2021-03-06 20:03:17'),(48,12,73,'Molestias possimus voluptatem expedita quibusdam et et adipisci. Reiciendis molestias illum autem veniam vel est eaque. Aut saepe et beatae sed optio tempore suscipit distinctio.',0,'2020-12-31 20:14:59','2021-03-15 20:00:57'),(49,16,90,'Quisquam aut omnis fugiat unde earum. Accusantium unde possimus dolor assumenda molestiae quisquam neque. Nobis deleniti aperiam dolor omnis eveniet repudiandae. Quibusdam non et nam dolorem in vel quo neque.',0,'2021-03-11 20:16:36','2021-03-22 12:57:22'),(50,73,95,'Sunt ut accusantium et autem in modi. Eos autem maiores necessitatibus commodi quis sunt illo. Atque ad quae dolore minus dolor.',1,'2020-11-28 18:16:44','2021-03-23 01:45:43'),(51,46,16,'Velit pariatur vel distinctio corrupti error et velit. Distinctio laudantium perspiciatis assumenda suscipit dolorum ullam quo. Et consequatur ut quas quo repellendus. Ea cupiditate repudiandae omnis atque autem beatae esse.',1,'2020-09-17 21:41:36','2021-03-08 20:29:36'),(52,63,42,'Aut quos qui et perspiciatis autem assumenda nihil veniam. Similique inventore impedit voluptatum et temporibus inventore omnis saepe. Velit delectus minima nemo. Corporis rerum qui magni eius saepe voluptatem quas.',1,'2020-10-31 13:32:19','2021-03-05 21:15:54'),(53,21,4,'Quasi consequuntur nemo commodi beatae. Rerum modi eum est quo veniam doloremque unde.',1,'2020-06-19 00:54:47','2021-03-12 10:22:56'),(54,7,66,'Fugiat totam dicta provident facere optio ut quod iste. Omnis id delectus inventore vero saepe qui modi atque. Ipsam quia culpa quae nulla quae laborum omnis. Quis est nisi ea culpa architecto optio. Voluptatem aliquam ullam velit voluptatem quis nesciunt quo.',0,'2021-01-10 17:32:22','2021-03-24 15:53:52'),(55,81,11,'Quo ad beatae ex dolores dicta sit quos. Ut vel asperiores maiores est sed. Aut earum modi quaerat eligendi placeat. Autem dolor inventore architecto consectetur consequatur quia.',1,'2020-11-27 04:31:00','2021-03-26 10:37:49'),(56,84,100,'Aliquam molestias praesentium ea qui amet eaque suscipit velit. Recusandae provident ut veritatis et itaque molestiae. Dolore qui sequi recusandae nam. Ratione atque nostrum nam id.',0,'2020-04-22 05:15:52','2021-03-07 01:44:44'),(57,41,47,'Est sed officia recusandae culpa. Porro consequatur debitis molestiae possimus quisquam. Mollitia est rerum magnam quas.',1,'2020-07-02 06:46:38','2021-03-19 07:54:21'),(58,54,16,'Numquam voluptatibus et autem occaecati reprehenderit quisquam aut. Unde eos aperiam possimus expedita ea. Velit aspernatur eum dolorem nihil sit odit recusandae reprehenderit.',0,'2020-04-25 01:11:53','2021-03-14 22:11:08'),(59,32,22,'Expedita unde officia quos sint. Quo consectetur sapiente in corrupti aspernatur occaecati fugit. Omnis et veritatis explicabo quidem qui nihil.',1,'2020-12-06 05:48:02','2021-03-09 01:51:32'),(60,34,66,'Beatae amet recusandae ad architecto. Ut eius et nostrum.',1,'2021-02-12 08:30:47','2021-03-25 14:31:41'),(61,42,56,'Omnis ducimus unde voluptatibus dolor corrupti voluptatem et. Ipsam tenetur tempora soluta et iure molestiae aliquid. Qui iste ea exercitationem voluptas autem rerum. Qui ut aut rem consequatur.',0,'2020-12-25 03:36:53','2021-03-16 10:09:40'),(62,30,39,'Quas assumenda labore accusantium qui in quos excepturi quam. Id omnis consequatur harum velit illum sequi repudiandae sit. Aut aut excepturi facere.',0,'2020-12-10 23:12:45','2021-03-04 05:08:08'),(63,14,42,'Praesentium aperiam fugiat amet eligendi rerum. Mollitia id quaerat quasi explicabo et sed et optio. Voluptas enim magnam a doloremque distinctio sequi.',0,'2020-10-08 13:31:27','2021-03-22 11:54:22'),(64,11,29,'Totam incidunt ut sit impedit explicabo. Nemo architecto iusto reiciendis quia est perspiciatis. Qui eum laudantium excepturi. Suscipit modi minus qui nostrum.',0,'2020-11-06 06:44:54','2021-03-17 00:36:01'),(65,32,84,'Sit aut aut magni eum architecto consequatur. Laborum autem iusto odio tenetur. Quisquam et quo nostrum consequuntur sint.',1,'2020-11-03 13:50:30','2021-03-23 13:27:13'),(66,23,77,'Aliquam quaerat voluptatem dolorum et aut suscipit. Recusandae autem consequuntur atque ad accusamus. Ipsum molestiae in cumque. Nemo consequatur omnis quasi et est tempora.',1,'2021-02-12 16:29:15','2021-03-16 14:51:46'),(67,100,86,'Omnis alias at quaerat labore debitis. Porro fugit assumenda commodi quas voluptates voluptatem voluptatem. Id voluptatum in omnis fugit. Beatae aperiam libero officia voluptatum dolor. Ipsa labore eos est ipsam quos.',1,'2020-07-05 08:39:47','2021-03-21 15:36:24'),(68,18,20,'Natus corporis eveniet voluptatibus cumque earum. Quae alias quo quam omnis dignissimos id provident enim. Possimus est aperiam asperiores enim. Quia adipisci quam totam suscipit dolor quibusdam ratione.',1,'2021-02-09 15:35:43','2021-03-02 23:26:24'),(69,90,25,'Dignissimos accusamus harum optio accusamus voluptatem quo ratione. Voluptas non libero repellendus nihil non.',1,'2020-12-29 07:38:36','2021-03-27 07:39:16'),(70,86,70,'Minima veritatis aut vel nihil ad ratione. Qui corporis officia ullam dolor. Dolores sit et aliquid adipisci voluptas neque. At omnis corrupti perferendis nisi ullam voluptas occaecati. Esse est minima doloremque et et.',0,'2020-06-26 15:42:23','2021-03-04 00:47:38'),(71,36,70,'Tempore velit maiores sit accusantium nostrum eos atque. Molestiae adipisci qui voluptatibus. Ut minima et cupiditate soluta praesentium. Est fugit veritatis aut voluptates. Sunt fugit nesciunt aut illo aperiam a.',1,'2020-05-18 00:52:37','2021-03-21 18:33:32'),(72,70,76,'Fugiat ut ipsa fuga ipsam quia dolores. Repudiandae ducimus vel et mollitia corrupti corrupti. Numquam est et aut blanditiis odio autem. Distinctio quaerat adipisci molestiae quia.',1,'2020-06-06 07:40:19','2021-03-23 14:52:30'),(73,16,23,'Id quam nihil sed numquam vero dolor ea. Earum iusto laudantium fugiat voluptatem accusantium molestiae porro. Deserunt et quia qui ratione vitae. Odio qui quos dolores incidunt itaque non.',1,'2020-10-07 01:50:26','2021-03-18 19:37:58'),(74,92,47,'Beatae ducimus optio vitae et sint temporibus quis. Quia vel voluptatem architecto atque et aliquam.',1,'2021-03-28 06:57:19','2021-03-21 21:12:30'),(75,44,25,'Exercitationem eligendi error incidunt id corrupti. Repellat et aliquam voluptatem. Inventore officia voluptas iste iste sed. Dolor similique eaque officia et officiis. Non facere est perspiciatis voluptas impedit quas.',1,'2021-03-04 04:38:14','2021-03-18 14:46:09'),(76,12,85,'Recusandae aut facere alias tenetur. Ex impedit id et sunt amet deserunt. Ipsum officiis qui sit corrupti deserunt earum amet enim.',0,'2020-04-10 22:45:30','2021-03-10 08:29:12'),(77,80,42,'Nisi ipsa voluptas id dicta ipsam error voluptatum. Maiores quisquam vitae cumque adipisci voluptatem et. Nihil rerum voluptas laudantium.',0,'2020-11-07 20:11:01','2021-03-27 06:07:34'),(78,24,93,'Inventore ut voluptatibus in debitis ut incidunt. Quasi beatae perferendis eveniet ipsum facilis sit eaque. Maxime ipsam ut porro enim fugit.',1,'2020-10-07 22:49:12','2021-03-26 09:00:05'),(79,83,35,'Qui labore illo molestias doloremque consectetur eum labore. Voluptate modi necessitatibus incidunt eius eos. Accusantium qui non quis id id nihil ducimus eaque.',1,'2020-08-09 00:08:59','2021-03-27 10:52:01'),(80,22,14,'Maxime rerum commodi eaque cumque. Quia eos in ea quia nihil cum animi ratione. Est illum sit voluptatem quas id cupiditate veniam.',1,'2020-04-25 00:07:18','2021-03-24 23:15:25'),(81,19,44,'In illo et eum animi eligendi aspernatur sequi dolor. Laboriosam sint perferendis ratione enim odit. Aliquam non fugiat ullam sint quia.',1,'2020-08-06 21:16:42','2021-03-06 11:57:07'),(82,90,18,'Ab assumenda fuga ut odit qui natus quos. Soluta qui ut perferendis ipsam suscipit omnis ea. Sint repudiandae est quis ut beatae.',1,'2020-08-22 15:04:57','2021-03-20 01:12:58'),(83,30,8,'Rem nostrum et quia. Excepturi tempora sunt eveniet doloremque eveniet eos. Possimus quo officia aut sit at nesciunt quasi. Ea in doloremque illo aspernatur. Et quas et ut nulla sed doloribus omnis.',1,'2020-09-10 07:59:29','2021-03-12 23:32:56'),(84,38,19,'Qui et vel numquam doloribus. Sed dolores et animi quos aspernatur quaerat voluptatem. Dignissimos aut fugit minima sed autem culpa.',0,'2020-12-28 10:47:41','2021-03-05 00:03:42'),(85,32,23,'Nam nobis praesentium molestias autem est. Accusamus ut quo minus neque qui. Veniam nobis ipsa et.',0,'2020-11-12 01:07:58','2021-03-04 16:55:11'),(86,89,68,'Voluptatibus dolor odio dicta nihil tempore ipsam dolores. Odit incidunt illo velit et dolorum et illo veritatis. Assumenda voluptate laborum quisquam minima.',1,'2020-07-14 16:24:24','2021-03-15 03:47:15'),(87,92,58,'Rerum aut voluptatem amet voluptas modi ut. Nihil ut odio quo. At magni nihil eos non. Ut id quia assumenda cupiditate.',0,'2020-10-08 03:51:46','2021-03-27 15:00:15'),(88,43,8,'Dolorem labore corporis excepturi dolor. Suscipit reiciendis aperiam nihil nostrum. Velit ducimus consequatur eius recusandae. Et quia enim cupiditate deserunt.',1,'2020-05-07 00:36:46','2021-03-06 13:35:51'),(89,80,34,'Repellat nihil fuga architecto. Debitis ut suscipit nulla neque accusantium consequatur rem.',0,'2020-12-25 13:39:16','2021-03-20 03:22:26'),(90,54,24,'Ut et est id quas dolore similique. Vel rerum sint libero tempora delectus sunt beatae ex. In qui consequatur illo quas quia sed suscipit.',0,'2021-02-13 05:36:47','2021-03-13 21:23:38'),(91,59,65,'Nostrum tempore qui rem alias et. Accusantium fugit aut numquam hic ut. Ad dolorum et harum sit.',0,'2020-09-27 11:07:16','2021-03-13 00:08:07'),(92,8,38,'Quae sed eaque ipsa suscipit et totam autem. Sapiente expedita quaerat qui quos. Non ut repellat ut. Tempora possimus est tenetur incidunt esse rerum. Voluptatem porro perferendis at eaque sed voluptatem.',1,'2020-09-10 19:18:32','2021-03-14 22:39:55'),(93,7,32,'Repellendus aut nam labore quis cupiditate voluptatem qui. Omnis incidunt blanditiis doloribus vero est consequuntur. Et cumque quas repellat architecto quas illo.',1,'2020-06-13 01:03:38','2021-03-27 18:51:35'),(94,31,89,'Possimus soluta illo ut explicabo quia at voluptatibus. Culpa quas ipsam voluptates explicabo aut vitae laudantium. Reiciendis nulla quasi sunt voluptatem. Quisquam natus eum eum laboriosam enim modi.',0,'2020-04-05 12:58:51','2021-03-06 21:31:53'),(95,66,52,'Inventore asperiores non velit. Aspernatur aut qui repudiandae et. Totam vitae velit sit reprehenderit et temporibus. Magnam eaque dolor sunt praesentium cumque ipsum ab.',0,'2021-02-06 03:22:51','2021-03-05 10:00:41'),(96,3,84,'Nostrum dolores itaque harum magnam veritatis ipsam consequatur et. Voluptatem rerum debitis a. Deserunt nam fugiat magnam dolore debitis autem. Qui in laudantium nihil non et autem aliquam.',0,'2020-06-08 08:36:20','2021-03-10 02:24:43'),(97,96,93,'Accusantium velit exercitationem non sequi. Exercitationem velit in aliquid et corporis. Aliquam et maiores nobis adipisci itaque adipisci dolores. Ratione laboriosam ipsum corrupti nihil modi quia quia.',0,'2020-07-18 18:01:38','2021-03-11 08:25:03'),(98,1,25,'Illo beatae alias molestiae doloremque voluptas ea. Rem suscipit rerum tempora esse et asperiores iste. Sit sit voluptas officia ut nihil qui rerum. A ratione dolor voluptate architecto eum. Ut consequuntur est autem ex.',1,'2020-09-14 09:20:46','2021-03-25 15:17:35'),(99,100,39,'Commodi consequatur cum tempore dolorum sint ipsam. Reprehenderit eius molestiae esse aliquid dicta explicabo ipsa tenetur. Molestias hic repellendus enim exercitationem quia sed natus.',1,'2020-09-10 09:03:24','2021-03-01 04:08:21'),(100,43,32,'Debitis quia ut delectus molestiae repellendus illo commodi. Dolorum voluptatem voluptas consequatur iste dolorum. Dolores quia possimus asperiores aspernatur.',1,'2020-06-13 16:00:20','2021-03-08 15:45:25');

INSERT INTO company VALUES (1,'rem','Bartell Group','1995-04-19','2007-07-23 06:28:24',24,'ernser.com',4441,56),(2,'ut','Kshlerin Ltd','1988-03-22','1985-06-11 05:21:32',29,'dare.info',1516,50),(3,'ratione','Kiehn, Brakus and Crona','2015-07-17','2015-08-11 19:49:32',35,'framigutmann.biz',3666,57),(4,'eveniet','Kohler-Dickens','1982-09-18','1984-12-16 00:44:46',50,'graham.net',4827,74),(5,'delectus','Gleason, Batz and Mayer','2017-07-13','1993-11-11 01:10:21',19,'batzpfannerstill.info',2489,89),(6,'eos','Corkery PLC','1994-10-10','2000-06-15 02:41:02',26,'greenholt.com',4205,94),(7,'nihil','Deckow-Strosin','2006-09-08','2002-03-04 01:16:52',3,'fisher.info',4330,49),(8,'qui','Wisozk Ltd','1999-12-15','1975-04-08 01:30:53',75,'miller.org',1526,37),(9,'asperiores','Welch-Gorczany','1981-02-12','2007-04-19 05:45:48',15,'kiehn.com',1242,31),(10,'doloremque','Zemlak Inc','1992-03-20','2017-06-14 19:17:48',72,'goyetteheaney.com',4187,82);
INSERT INTO company_blogs VALUES (1,1,1,'Voluptates perferendis sunt voluptatem repudiandae officiis placeat non.',1,'1986-10-21 19:09:26','1972-04-13 17:13:24'),(2,2,2,'Officiis qui sunt et dolorem et corrupti.',2,'1973-04-06 19:10:12','2010-10-16 20:59:38'),(3,3,3,'Dolorem delectus laboriosam perferendis et debitis.',3,'1998-08-14 13:45:14','2017-01-19 07:35:52'),(4,4,4,'Nobis dolore explicabo sequi.',4,'1981-10-20 12:35:28','1992-10-31 22:18:13'),(5,5,5,'Sed quas enim dolore blanditiis sit.',5,'2015-12-12 13:18:18','1990-07-26 00:36:47'),(6,6,6,'Sed dolores similique optio quod doloribus iure.',6,'1995-12-27 01:53:22','2005-08-18 23:50:41'),(7,7,7,'Asperiores consectetur vel iure soluta nam.',7,'1973-03-26 01:01:17','1977-08-04 05:25:06'),(8,8,8,'Explicabo ullam reprehenderit est.',8,'1971-02-22 07:48:35','1992-08-06 03:22:07'),(9,9,9,'Soluta explicabo ut nostrum optio itaque.',9,'2004-10-25 05:47:05','2019-10-12 04:10:29'),(10,10,10,'Non enim est aspernatur dolorem fuga.',10,'2002-05-30 07:42:05','1977-07-30 07:27:05');
INSERT INTO blog_comments VALUES (1,1,1,'1996-09-22 23:49:15','1996-05-24 20:08:29','Soluta et ad aspernatur illum.'),(2,2,2,'2007-09-07 15:39:55','1981-02-26 08:21:15','Facere aut nisi voluptatem ratione similique.'),(3,3,3,'1985-05-21 11:01:00','1979-11-11 01:56:38','Voluptatem non facere est et quia numquam ut.'),(4,4,4,'2014-03-21 15:05:56','2010-01-07 19:15:58','Dolore cumque asperiores dolore voluptates.'),(5,5,5,'1978-10-01 17:58:50','1975-05-26 20:31:32','Odit quod modi id eligendi vel voluptas adipisci.'),(6,6,6,'2017-08-22 21:06:19','1992-09-22 13:31:21','Sed fuga corrupti nisi.'),(7,7,7,'1996-11-09 02:11:46','2016-10-14 01:30:53','Ex dolorem qui similique asperiores est accusamus.'),(8,8,8,'1994-07-04 05:53:51','2006-08-07 05:36:44','Voluptate sit voluptate eos aut consequatur.'),(9,9,9,'1991-03-27 00:41:58','1994-12-05 22:24:25','Delectus quae possimus quaerat eius eius.'),(10,10,10,'1983-02-22 01:54:16','2001-05-22 09:35:04','Voluptatum maiores quis voluptatibus earum rerum minima dolor.'),(11,11,1,'1998-09-10 22:46:04','1991-04-21 19:31:17','Et ut adipisci culpa libero quasi sit animi.'),(12,12,2,'1972-02-03 12:48:02','1981-08-23 17:56:58','Voluptas deleniti reprehenderit quia aspernatur veritatis.'),(13,13,3,'2008-10-07 03:52:47','2009-09-10 16:04:26','Porro velit qui consequatur.'),(14,14,4,'2002-10-29 15:15:06','1998-02-09 21:55:15','Esse est blanditiis dolorum alias.'),(15,15,5,'2015-10-06 14:57:43','1994-06-05 21:04:00','Nostrum vitae velit saepe.'),(16,16,6,'2018-05-05 00:06:19','1994-10-26 03:26:08','Ea similique inventore eos aut et nulla nesciunt.'),(17,17,7,'1979-10-13 18:31:59','1997-02-07 03:41:22','Magnam dolorum omnis cumque quis.'),(18,18,8,'2000-01-20 02:15:06','2008-09-15 12:42:54','Accusamus modi pariatur in error et.'),(19,19,9,'2010-04-24 18:15:19','2001-05-28 21:57:21','Corrupti dolores repellat sunt ad accusamus repudiandae.'),(20,20,10,'1999-03-05 00:15:10','1994-10-31 13:46:56','Maiores consequatur consequatur accusantium recusandae nisi.');

INSERT INTO company_subscribers VALUES (1,9),(1,12),(1,25),(1,32),(1,35),(1,38),(1,62),(1,68),(1,79),(1,83),(1,88),(2,60),(2,61),(3,11),(3,41),(3,90),(4,13),(4,29),(4,49),(4,73),(4,93),(4,95),(5,1),(5,46),(5,88),(6,11),(6,12),(6,13),(6,19),(6,30),(6,78),(7,61),(7,64),(7,74),(7,94),(8,23),(8,44),(8,91),(8,95),(8,97),(9,18),(9,40),(9,77),(9,80),(9,92),(10,16),(10,31),(10,59),(10,85);
INSERT INTO personal VALUES (2,4),(6,9),(8,8),(13,4),(13,5),(14,8),(15,2),(17,3),(18,1),(19,6),(21,2),(23,1),(24,5),(27,1),(27,5),(28,2),(29,7),(33,7),(33,8),(36,10),(42,5),(43,9),(48,5),(50,8),(50,10),(54,1),(57,3),(64,6),(64,9),(65,1),(66,4),(68,2),(68,5),(71,10),(75,4),(75,5),(78,6),(80,2),(93,1),(93,4),(94,5),(96,3),(97,5),(97,10),(99,5),(100,3),(100,6),(100,9);
INSERT INTO raiting_voiting_blog_comments VALUES (1,1,1,'1997-02-23 11:31:11'),(2,2,-1,'2017-07-24 08:59:43'),(3,3,1,'1977-11-15 22:02:44'),(4,4,1,'2019-02-27 19:19:59'),(5,5,1,'1989-01-01 09:09:17'),(6,6,0,'1981-09-02 16:23:23'),(7,7,1,'1971-10-08 06:30:08'),(8,8,0,'1970-09-03 12:27:49'),(9,9,0,'1981-01-03 02:32:44'),(10,10,0,'1994-08-20 23:09:50'),(11,11,-1,'2005-12-15 10:24:42'),(12,12,0,'1995-08-15 02:27:49'),(13,13,-1,'1984-07-28 15:24:44'),(14,14,1,'2010-06-14 12:55:51'),(15,15,1,'1998-08-20 09:35:57'),(16,16,1,'1977-08-20 06:46:49'),(17,17,-1,'1981-06-18 03:32:25'),(18,18,0,'1971-05-07 08:25:34'),(19,19,0,'2007-01-13 07:26:49'),(20,20,-1,'1987-11-03 00:15:24'),(21,1,0,'1989-12-30 22:09:06'),(22,2,-1,'1970-05-25 04:33:11'),(23,3,1,'2001-01-08 00:57:31'),(24,4,1,'1994-11-01 02:37:24'),(25,5,0,'2004-02-28 08:39:56'),(26,6,0,'1979-08-29 18:11:34'),(27,7,0,'1990-12-10 10:47:08'),(28,8,-1,'2013-06-27 14:10:14'),(29,9,0,'2017-10-02 17:19:50'),(30,10,1,'2005-08-12 15:45:08'),(31,11,-1,'1985-05-02 12:52:43'),(32,12,1,'1975-07-13 15:38:28'),(33,13,0,'1985-05-23 23:34:23'),(34,14,1,'1978-08-05 07:11:35'),(35,15,0,'2018-04-07 06:56:59'),(36,16,0,'1984-09-13 19:16:54'),(37,17,-1,'2017-01-15 06:00:36'),(38,18,0,'1985-12-27 20:47:32'),(39,19,-1,'1981-06-30 17:58:24'),(40,20,-1,'1991-11-24 01:05:15'),(41,1,-1,'1972-04-25 18:31:21'),(42,2,1,'2002-05-03 11:53:18'),(43,3,-1,'1999-10-05 11:57:04'),(44,4,1,'2005-11-20 09:02:31'),(45,5,0,'2020-10-07 05:55:43'),(46,6,0,'2021-01-04 02:14:42'),(47,7,1,'2003-10-26 19:29:48'),(48,8,0,'1998-08-13 23:24:13'),(49,9,-1,'2007-09-16 23:51:43'),(50,10,-1,'2020-09-14 08:48:36'),(51,11,0,'1998-08-21 17:03:33'),(52,12,0,'2016-10-13 14:33:52'),(53,13,1,'1996-10-04 13:50:55'),(54,14,-1,'1980-03-14 12:37:25'),(55,15,1,'2015-04-13 08:39:23'),(56,16,1,'2003-10-08 11:58:56'),(57,17,1,'1978-01-29 08:42:00'),(58,18,1,'1971-11-03 02:02:54'),(59,19,1,'1980-10-06 22:50:02'),(60,20,1,'1994-07-19 21:02:24'),(61,1,-1,'2014-05-18 22:40:09'),(62,2,0,'1995-11-11 23:19:50'),(63,3,1,'1973-07-15 09:16:17'),(64,4,0,'1983-10-08 03:09:19'),(65,5,0,'2016-08-06 19:56:04'),(66,6,1,'2015-06-14 11:37:22'),(67,7,-1,'1981-03-12 10:18:53'),(68,8,1,'1988-03-28 01:07:42'),(69,9,-1,'1993-07-26 06:45:49'),(70,10,-1,'1996-08-19 03:55:18'),(71,11,1,'1993-10-02 19:26:05'),(72,12,-1,'2002-09-22 03:06:28'),(73,13,0,'2010-05-07 01:59:57'),(74,14,1,'2015-01-06 20:53:39'),(75,15,1,'2020-06-24 06:19:28'),(76,16,1,'2014-08-13 09:12:48'),(77,17,1,'1992-02-11 17:08:31'),(78,18,-1,'2010-07-11 04:32:40'),(79,19,-1,'1999-10-14 20:54:29'),(80,20,-1,'1992-12-24 10:11:03'),(81,1,-1,'2001-01-26 16:31:24'),(82,2,-1,'2006-08-17 12:53:48'),(83,3,1,'2020-09-02 23:53:17'),(84,4,0,'2008-08-07 18:20:32'),(85,5,-1,'1971-12-17 21:42:53'),(86,6,0,'2010-04-12 18:24:50'),(87,7,1,'1971-03-26 06:14:42'),(88,8,1,'2017-12-15 07:06:33'),(89,9,-1,'2002-04-18 04:32:03'),(90,10,-1,'1999-04-21 02:29:19'),(91,11,0,'1974-01-16 12:13:34'),(92,12,-1,'2020-10-13 19:45:00'),(93,13,0,'2013-12-15 21:50:52'),(94,14,-1,'1997-04-09 01:16:26'),(95,15,0,'1980-10-29 09:46:43'),(96,16,0,'1991-04-13 12:41:03'),(97,17,0,'2012-01-10 01:16:54'),(98,18,0,'1972-03-04 07:57:46'),(99,19,1,'1990-03-09 05:05:12'),(100,20,1,'1984-01-02 01:42:32');
INSERT INTO raiting_voiting_company_blogs VALUES (1,1,1,'2015-04-22 10:24:59'),(2,2,0,'1983-04-17 03:46:26'),(3,3,-1,'1990-10-22 05:46:03'),(4,4,-1,'1985-12-24 17:23:33'),(5,5,1,'1977-04-08 11:34:51'),(6,6,-1,'2019-09-02 03:29:22'),(7,7,1,'1997-07-22 17:13:29'),(8,8,0,'1988-08-22 04:42:02'),(9,9,0,'2008-03-27 22:26:31'),(10,10,1,'2006-08-20 03:17:00'),(11,1,1,'2002-06-11 15:51:38'),(12,2,-1,'1985-05-29 18:08:43'),(13,3,0,'1991-01-03 15:03:32'),(14,4,0,'1986-08-23 17:17:27'),(15,5,0,'1971-06-03 04:31:38'),(16,6,-1,'1994-12-14 10:00:02'),(17,7,-1,'1990-10-10 18:06:29'),(18,8,-1,'2007-06-18 21:20:55'),(19,9,1,'1993-02-12 05:16:42'),(20,10,1,'1974-11-24 16:23:27'),(21,1,0,'1996-03-08 11:35:18'),(22,2,-1,'1997-08-26 13:31:25'),(23,3,1,'2016-10-29 00:27:53'),(24,4,0,'1989-07-23 08:55:27'),(25,5,0,'2017-08-06 00:00:01'),(26,6,-1,'1999-09-28 23:03:04'),(27,7,0,'2014-12-14 13:12:02'),(28,8,-1,'1979-02-22 19:46:46'),(29,9,1,'2017-12-05 14:05:39'),(30,10,-1,'2008-09-08 11:49:20'),(31,1,1,'2012-10-11 03:21:55'),(32,2,-1,'1979-08-26 20:07:06'),(33,3,1,'2013-03-17 04:41:51'),(34,4,0,'2010-05-08 19:29:07'),(35,5,0,'1997-11-12 20:42:26'),(36,6,0,'1996-03-27 01:27:07'),(37,7,1,'2010-07-12 18:43:59'),(38,8,1,'1986-03-26 21:46:42'),(39,9,0,'2017-03-24 11:30:29'),(40,10,0,'2020-12-07 10:51:39'),(41,1,-1,'2001-08-02 13:43:09'),(42,2,0,'2011-02-19 12:28:54'),(43,3,0,'1985-02-21 03:57:49'),(44,4,1,'1986-09-04 13:52:22'),(45,5,-1,'1970-07-12 17:13:59'),(46,6,0,'2005-10-17 15:32:27'),(47,7,-1,'1992-08-09 23:44:29'),(48,8,-1,'1987-02-14 03:28:44'),(49,9,-1,'2000-02-20 08:23:50'),(50,10,-1,'1977-02-28 01:05:23'),(51,1,1,'1991-01-08 18:18:54'),(52,2,1,'2017-11-19 05:32:56'),(53,3,-1,'2015-06-17 05:56:42'),(54,4,-1,'2000-03-15 09:15:36'),(55,5,0,'1974-07-08 18:12:43'),(56,6,-1,'1974-08-21 14:35:22'),(57,7,-1,'2013-08-23 22:28:09'),(58,8,-1,'1996-08-09 08:15:23'),(59,9,-1,'1982-06-11 06:15:15'),(60,10,1,'1998-09-19 22:12:08'),(61,1,-1,'1994-10-22 01:04:07'),(62,2,0,'1991-07-27 03:34:21'),(63,3,-1,'1986-10-03 08:32:14'),(64,4,0,'1982-04-20 03:35:22'),(65,5,-1,'1998-12-23 09:19:52'),(66,6,1,'1997-06-06 10:26:26'),(67,7,1,'2010-10-26 22:38:26'),(68,8,0,'2009-11-18 09:45:04'),(69,9,0,'1973-05-26 06:44:20'),(70,10,-1,'2017-11-04 01:28:53'),(71,1,1,'1977-01-23 22:58:33'),(72,2,1,'1970-05-10 09:32:25'),(73,3,0,'1975-05-10 06:09:55'),(74,4,1,'1974-08-06 03:24:11'),(75,5,-1,'1973-03-26 10:07:36'),(76,6,0,'1981-09-01 22:16:30'),(77,7,-1,'1975-06-19 15:53:16'),(78,8,1,'2008-04-16 10:26:33'),(79,9,0,'1989-12-01 03:06:02'),(80,10,0,'1998-06-12 19:00:19'),(81,1,0,'1980-08-08 06:40:12'),(82,2,-1,'2013-06-21 23:46:08'),(83,3,0,'1984-04-27 18:19:41'),(84,4,1,'2019-05-18 07:24:50'),(85,5,1,'1994-03-18 18:24:50'),(86,6,1,'1988-09-19 10:42:22'),(87,7,-1,'2008-04-11 16:36:48'),(88,8,-1,'2015-01-15 04:24:17'),(89,9,-1,'1983-01-31 05:16:32'),(90,10,1,'2009-04-26 16:56:55'),(91,1,-1,'1977-04-19 11:50:12'),(92,2,-1,'1985-02-01 21:58:48'),(93,3,-1,'2020-08-26 03:53:28'),(94,4,0,'2012-10-23 17:36:47'),(95,5,0,'1998-11-07 06:10:35'),(96,6,1,'2005-05-13 11:34:47'),(97,7,0,'1991-12-15 16:01:38'),(98,8,0,'2011-09-10 10:59:38'),(99,9,1,'1989-04-23 06:28:22'),(100,10,0,'2005-03-19 12:48:20');
INSERT INTO type_work VALUES (1,'Temporibus laudantium eum molestiae. Cum sit esse eligendi voluptatem quod ut. Nostrum numquam consequatur voluptatum esse in. Minus quidem distinctio temporibus.'),(2,'Architecto dolorem aspernatur vero eum. Voluptas voluptatem possimus vero fuga odio pariatur. Consectetur est aut itaque deleniti et velit impedit sed.'),(3,'Soluta minima in tenetur sint debitis voluptatum ut qui. Minus necessitatibus reprehenderit dolores laudantium. Ut et culpa consequuntur quis omnis. Aut ducimus distinctio facere nostrum. Esse aut vel enim ut delectus et.');
INSERT INTO vacancies VALUES (1,1,'Fugiat corrupti quia qui. Repellat ex provident assumenda dolore rerum ut.','Dolore nesciunt sed aliquid incidunt modi qui. Recusandae eligendi quas sed iste ratione. Voluptates delectus ipsum labore est est optio enim.','Eos voluptatibus hic et odio sed.','Nam sunt possimus quia quae. Et voluptatem optio expedita minima.',25,1,36571,0,'1984-08-08 08:16:56','1985-11-21 01:20:42'),(2,2,'Aliquid itaque mollitia maiores qui provident. Doloribus illo in molestiae ut sed nulla harum. Eum numquam qui quidem est molestiae facere. Rerum accusantium at exercitationem sed.','Omnis cumque voluptatem inventore nisi ratione dolorum possimus veritatis. Quibusdam fugit quibusdam illum aut ut repudiandae laborum. Voluptates expedita neque iure porro sapiente.','Nesciunt esse quia possimus itaque qui est dolore dignissimos.','Est minima consequatur illo dignissimos beatae numquam sequi. Dolorem quasi soluta corrupti est rerum doloribus. Dolores deleniti sit numquam recusandae voluptatem. Explicabo quis est est culpa. Ut quasi est iste ad eius praesentium.',100,2,29759,1,'2004-04-05 10:54:18','1980-02-28 05:55:03'),(3,3,'Numquam qui eos et ea. Est magni modi et sequi enim reiciendis quos pariatur. Nihil pariatur qui rerum aut et consequuntur odit.','Minus quia nihil delectus illo non fugit odio. Necessitatibus sed et numquam qui laudantium officia. Quia voluptatem deserunt voluptas enim in ut.','Quisquam et illo sit et corporis ab.','Nostrum fuga facilis modi dolore. Porro eligendi expedita pariatur. Ut dolore qui et aperiam molestias rem fugit. Asperiores voluptatem natus eos rerum voluptas illo.',92,3,28388,1,'1986-12-18 13:14:53','2018-08-28 21:21:54'),(4,4,'Qui quod iure et qui consectetur. Tenetur itaque sit magnam adipisci similique ipsum tenetur. Corporis quos omnis vero ullam.','Doloremque neque esse qui libero et. Totam odio in autem enim molestiae et odit. Ut quisquam cum magnam voluptatem. Cumque aspernatur magnam impedit labore dolorem repellat.','Nam nesciunt quae nulla magni.','Sequi officia nesciunt totam alias ipsam error. Aperiam rerum omnis corporis corrupti veritatis voluptate. Architecto a error blanditiis cupiditate non. A in officia et deserunt magnam.',44,1,17785,1,'1988-08-09 03:18:59','1982-03-23 05:25:43'),(5,5,'Ab id rerum quis optio minima recusandae. Eos rerum sit blanditiis aut dolorem et labore. Nam esse libero aut exercitationem aut modi voluptatem.','Cumque consequatur dolorum repellat modi illo est facilis et. Tempore unde blanditiis dicta. Rerum recusandae ipsum impedit accusantium.','Sapiente vero perspiciatis placeat sit nobis rem expedita.','Doloremque sed cum laborum inventore occaecati fugiat ea. Molestias consequatur est molestiae eos impedit mollitia. Ab et occaecati et deserunt ullam. Quos aut excepturi qui illo enim aperiam officiis.',92,2,20938,1,'1971-03-23 20:24:49','2012-05-12 02:46:35'),(6,6,'Facilis rem natus optio non voluptas voluptatem maxime quis. Vero repudiandae reiciendis repellat qui consequatur. Incidunt iusto culpa ratione tempore.','Animi occaecati nam sed provident repudiandae. Minima asperiores dolor molestiae nesciunt et impedit aperiam. Molestiae qui distinctio recusandae itaque rerum. Ea aliquam laboriosam soluta pariatur ea debitis voluptas.','Deleniti expedita odit et voluptas temporibus sunt sunt.','Debitis possimus deleniti non nihil est sit. Sint officia est dolor quis provident quidem neque. Nihil eos eos ducimus eum tempore.',65,3,24907,1,'1980-05-08 09:44:24','1981-12-07 04:18:56'),(7,7,'Accusantium labore ab commodi perspiciatis autem asperiores est. Asperiores tempora repudiandae illum sed odio. Sunt ratione voluptas sapiente. Unde ad quia hic.','Magni ullam aliquid atque consequatur. Quam et quae nihil illum. Minus odit fugiat consequatur dolores consequatur voluptas quia qui. Dicta repellendus maxime dolores.','Veritatis aut eaque tenetur sapiente magnam.','Qui sed enim amet voluptatum omnis. Officia praesentium illum laboriosam voluptatem ea. Beatae iure vero incidunt qui. Id voluptatem aut quo sed incidunt quas sunt.',44,1,13001,1,'2018-01-06 02:56:17','2004-04-11 09:09:40'),(8,8,'Delectus velit et ut deserunt sunt. Placeat molestiae beatae deserunt quos iste natus. Non accusantium quia rerum laborum pariatur doloribus a. Quidem maiores asperiores nemo blanditiis.','Quas debitis dolorem molestias quis provident minima. Consequuntur architecto quo non ullam. Quia accusamus consectetur nihil sequi. Perferendis hic qui ea nihil mollitia et.','Doloribus eum est inventore dolor sit iusto.','Nisi asperiores atque incidunt voluptatem iure consequatur maiores. Blanditiis qui magnam culpa.',63,2,23215,1,'1999-07-25 20:17:20','1994-07-20 13:24:46'),(9,9,'Corrupti labore hic reprehenderit cupiditate. Occaecati fugiat vero eos et ab fuga vitae. Et non et et.','Tenetur unde eum sint. Sit quae illum et. Modi fuga et minima repellat maiores. Rerum aliquid at suscipit iste.','Architecto illum ab animi sunt.','In eum hic cum qui vel alias voluptates. Amet aut reprehenderit veniam ipsum at ut. Deleniti reiciendis maiores maiores sequi. Dolore ab aut et laudantium quod ut. Molestiae ut sint ad quis.',62,3,30009,1,'1996-05-31 08:14:46','1976-09-21 09:51:21'),(10,10,'Omnis dolorum eius reprehenderit voluptatem autem. Facere necessitatibus voluptas similique eveniet excepturi sed velit. Suscipit ex aliquid praesentium quia. Quas sit rerum qui incidunt a dolores autem.','Placeat consequatur est eum inventore voluptatem. Dolorem nemo est sunt sunt aut. Mollitia maiores ut omnis est vel.','Sint impedit nihil non officia natus illo aut unde.','Porro aspernatur consequatur laudantium minima. Earum error est earum necessitatibus corrupti aut tempore modi. Molestias fugiat tempore eum mollitia et eum vel officiis. Et nesciunt aut placeat quia pariatur exercitationem.',16,1,24455,0,'2015-09-19 18:18:21','1998-06-17 06:42:50'),(11,1,'Quisquam eligendi illo similique iste velit. Nulla quis quia repellendus est. Molestiae repellat reiciendis impedit molestiae illo consequatur libero.','Et deleniti ratione dolorum maiores explicabo. Velit unde ea recusandae recusandae ducimus illum consequatur sit. Molestiae quia quia voluptas similique nulla ea. Ipsam odit exercitationem atque ut. Molestiae libero incidunt animi.','Natus est sed nesciunt id dolor exercitationem dicta debitis.','Sint quos quos qui enim voluptatibus iusto. Ipsa culpa non aut. Laudantium cupiditate laboriosam et error quidem ea. Qui excepturi ratione ipsam aspernatur ad enim.',21,2,26715,1,'1993-11-19 15:25:19','2018-05-28 17:19:28'),(12,2,'Veritatis quisquam minus amet ab. Non impedit aut delectus vitae quibusdam. Voluptatum eveniet quos eos.','Aut quaerat qui quo. Quasi voluptate dicta et aspernatur ullam. Eaque consequatur earum harum quo aut aperiam aliquid. Ut explicabo eum occaecati repellat sed iste minima.','Nihil eligendi labore deleniti ea voluptatem sapiente.','Ad quia nihil hic voluptatem odio. Vero rerum ut quos iusto eveniet tempore autem.',34,3,26109,1,'1974-01-08 22:39:18','2000-10-14 14:11:36'),(13,3,'Rerum est iste molestiae assumenda. Laborum dolores non culpa iusto itaque in. Quia est ratione delectus et. Quis illum reprehenderit sed quidem omnis ea aperiam.','Occaecati aut nihil facilis numquam vel quo. Et fugit consectetur accusamus vero non. Vero doloremque hic fugit voluptas magnam qui. Quidem soluta doloribus maiores aut maxime consequatur. Non aliquid quae similique omnis minima eius.','Ut minus quia aspernatur minus voluptatem dolores rem.','Explicabo quis dolorum quae non quisquam ratione sint. Voluptatem vero accusamus iste corrupti velit omnis laborum. Labore consequuntur accusamus earum cupiditate omnis est quo. Quis temporibus possimus voluptatibus aut perspiciatis distinctio sunt.',11,1,16686,0,'1990-12-30 20:38:34','1979-12-26 00:01:45'),(14,4,'Et cum sed fugit non ut. Exercitationem sed vitae architecto dolores illum. In commodi enim ipsa. Nulla occaecati voluptas ratione aut adipisci.','Aut nihil sequi et. Est fuga mollitia laudantium est eius qui. Ipsam est accusantium quia atque quasi vitae. Vero ut et quis tempora a possimus omnis.','Assumenda rerum occaecati aut.','Aut soluta recusandae voluptatem et nihil tenetur dolores. Ut velit quaerat dolor dolores accusantium ab vel asperiores. Est architecto voluptas ut dolores animi quidem.',3,2,31712,1,'1985-02-26 09:12:14','1997-02-02 14:59:45'),(15,5,'Voluptas corporis delectus ipsam provident sint officiis ut rerum. Omnis unde quisquam delectus odio molestiae autem. Maiores eos et iure consequatur autem. Veritatis id quis aut inventore.','Quo ut qui sunt ipsa iusto ea. Tempora laborum enim in ut. Nihil et sequi voluptas necessitatibus. Nesciunt expedita ab nostrum occaecati voluptatum. Dolores accusamus excepturi qui cumque qui aspernatur ea.','Ut voluptate hic enim neque dolorem sed.','Aliquam voluptates reiciendis hic et et sint quibusdam. Nisi assumenda ipsam totam et facere. Sit velit voluptatem pariatur aspernatur quaerat voluptatibus. Consequatur ratione qui voluptatem.',71,3,35517,1,'2006-04-21 07:42:05','1978-04-22 08:10:50');

INSERT INTO questions VALUES (201,41,'Suscipit corrupti dolor ipsam beatae et.','1999-06-25 08:40:10','1976-11-08 03:08:56','Сложный',1),(202,32,'Sint cum qui voluptate omnis harum corporis ut.','2000-11-21 00:42:57','1995-04-18 15:04:12','Простой',2),(203,82,'Animi eos ad enim quia doloribus necessitatibus.','1990-05-24 07:03:54','1978-06-14 14:36:46','Средний',3),(204,86,'Omnis iusto dolores nihil ex amet.','1981-01-16 02:15:10','1992-02-17 06:21:42','Сложный',4),(205,91,'Id animi quasi qui iure.','1973-03-23 17:34:32','1976-08-16 03:58:19','Простой',5),(206,23,'Nisi autem accusamus ullam quas.','2017-03-28 00:33:48','2011-04-06 03:33:46','Средний',6),(207,2,'Illo inventore velit alias laudantium perspiciatis.','2017-12-03 01:39:03','1990-08-07 18:00:30','Средний',7),(208,72,'Et optio beatae illo dolorem non ipsam atque.','1977-02-20 21:08:52','1977-10-19 21:05:01','Средний',8),(209,19,'Iure quia doloribus dolorem porro atque.','2017-11-10 08:30:59','1999-04-05 12:20:25','Сложный',9),(210,52,'Labore est nobis dolores molestiae repellendus.','1978-01-15 01:14:12','2004-11-14 19:02:02','Средний',10),(211,74,'Consequatur repellat aperiam fugiat architecto.','2012-09-13 03:32:13','1990-09-18 15:41:55','Простой',11),(212,50,'Ab itaque quis et itaque numquam ipsa in.','2016-06-16 02:07:38','2020-06-01 20:01:21','Сложный',12),(213,74,'Vitae corrupti non nihil et eveniet dolor placeat totam.','2019-06-08 22:32:25','2015-10-14 01:45:13','Простой',13),(214,78,'Repellat deserunt aut est consequatur molestiae.','1994-09-23 00:36:21','2017-01-19 15:23:28','Простой',14),(215,20,'Culpa voluptatum reprehenderit id quaerat.','1978-03-13 15:08:53','1991-03-25 12:53:39','Сложный',15),(216,44,'Perferendis recusandae reiciendis perferendis esse omnis perferendis sit.','1997-09-20 15:25:08','1984-02-18 03:46:53','Сложный',16),(217,70,'Qui eaque nostrum quaerat et culpa iste.','2019-05-04 06:05:53','1982-12-26 10:55:45','Простой',17),(218,82,'Voluptatem aspernatur officiis voluptate veniam quisquam.','1992-01-22 05:52:06','2019-06-24 06:28:36','Сложный',18),(219,41,'Natus nesciunt illo mollitia doloribus sunt.','2004-11-11 04:16:29','1973-09-07 00:51:56','Сложный',19),(220,62,'Eveniet et quasi et debitis nemo molestiae est sunt.','1992-05-26 04:18:03','1982-05-18 07:51:40','Сложный',20),(221,70,'Perferendis vel sit temporibus et maxime quos.','2002-07-21 02:31:05','1974-09-30 16:49:20','Средний',21),(222,38,'Hic recusandae numquam voluptas.','1972-02-19 07:08:42','2012-05-30 23:15:47','Средний',22),(223,15,'Ea enim totam qui explicabo quia est.','2002-07-26 07:17:30','1975-12-05 07:43:44','Средний',23),(224,45,'Nostrum recusandae autem totam aut.','1995-11-12 13:10:56','1990-05-09 20:47:26','Сложный',24),(225,82,'Aperiam laborum repellat ab dolore dolore harum molestias.','1975-01-28 04:11:53','2001-12-18 06:39:11','Сложный',25),(226,81,'Est inventore vel ut accusamus commodi quibusdam modi tempore.','2006-02-27 20:32:31','1996-05-07 22:50:34','Сложный',26),(227,57,'Aut voluptatem molestias inventore repudiandae et harum quia.','2014-08-10 05:57:22','2016-03-04 02:00:37','Простой',27),(228,97,'Vel saepe adipisci sed.','1970-05-01 20:30:44','1992-02-02 12:18:15','Сложный',28),(229,49,'Impedit voluptas exercitationem asperiores quibusdam.','1986-05-03 23:00:23','1976-05-20 16:16:52','Средний',29),(230,75,'Earum et quia quasi hic tempore magnam.','2019-05-20 10:17:31','1993-08-13 00:19:56','Сложный',1),(231,66,'Est dolor tempore est nisi dignissimos quae occaecati quod.','1990-09-27 00:28:04','2008-05-31 19:08:56','Сложный',2),(232,90,'Sit odit eaque est aut sed optio.','2017-12-27 08:33:27','1973-06-05 17:28:57','Средний',3),(233,6,'Sit expedita magnam a et sed.','2020-12-30 20:13:03','1972-06-07 22:51:30','Простой',4),(234,48,'Veritatis odio voluptas eveniet quis atque.','1979-09-22 03:20:51','1989-02-06 19:50:51','Простой',5),(235,76,'Accusantium non sunt sunt quidem.','1973-01-13 17:24:18','1979-09-21 23:54:17','Сложный',6),(236,97,'Placeat consequatur natus quidem dolor.','2013-08-04 15:41:10','2015-11-18 05:06:09','Сложный',7),(237,71,'Maiores magnam iste omnis tenetur est et in laboriosam.','1979-08-29 16:50:09','1974-07-22 11:59:18','Сложный',8),(238,77,'Exercitationem odit vitae id adipisci consequatur.','1989-02-25 21:15:00','2003-02-26 07:28:02','Сложный',9),(239,68,'Incidunt odio atque in non vel nam fugit soluta.','2001-02-10 10:15:42','2004-08-16 02:13:35','Простой',10),(240,89,'Quasi sapiente eos numquam incidunt dolorem qui quo.','2010-10-07 17:11:36','2007-11-28 01:23:53','Сложный',11),(241,28,'Quia et in sed.','2003-09-21 13:02:15','1985-06-12 15:20:25','Сложный',12),(242,41,'Aliquam ut eum quasi accusantium rerum ab temporibus.','1972-05-23 02:40:01','1983-06-04 20:26:37','Сложный',13),(243,39,'Placeat qui sit quia.','2015-07-05 14:02:17','1974-07-06 16:16:22','Простой',14),(244,1,'Ad occaecati laborum rem sequi quia enim.','1982-03-27 19:53:18','1970-07-02 22:07:19','Средний',15),(245,19,'Quas molestias quis sed laborum rerum explicabo.','1973-08-16 06:27:55','2019-09-10 21:58:23','Средний',16),(246,58,'Totam nihil quia aut minima et.','2007-05-13 02:37:16','2009-07-06 03:04:07','Простой',17),(247,45,'Sapiente similique labore incidunt.','2018-06-06 11:44:53','1995-01-10 23:12:24','Сложный',18),(248,89,'Voluptas ipsam voluptate ullam suscipit aut.','2005-10-04 02:05:24','1987-08-03 04:05:02','Сложный',19),(249,40,'Facilis quia nisi quae perspiciatis et velit.','2018-06-04 01:46:04','2005-09-13 16:46:22','Средний',20),(250,85,'Mollitia tempora perferendis qui facilis neque dolorem minima.','2016-01-28 15:35:27','1999-09-16 17:11:47','Простой',21),(251,51,'Dolorem dignissimos qui adipisci debitis distinctio.','1988-12-01 12:22:05','1971-06-30 01:53:03','Сложный',22),(252,10,'Quis sit impedit ducimus consequatur sit earum fuga laboriosam.','2001-11-02 16:01:54','1988-07-04 21:21:37','Простой',23),(253,23,'Voluptatibus accusantium animi magnam architecto nam quam sed quisquam.','2001-07-10 08:16:22','1975-12-26 02:33:26','Средний',24),(254,65,'Deleniti aut quo voluptas deleniti veniam.','2014-07-13 14:02:52','1995-11-03 02:00:40','Простой',25),(255,54,'Hic quaerat aut rem.','1991-05-18 13:48:25','2001-02-11 23:34:09','Сложный',26),(256,5,'Neque assumenda id omnis qui minima.','2002-10-03 06:03:21','1979-07-13 10:18:32','Сложный',27),(257,46,'Sed vero qui veniam placeat quia.','1981-11-03 17:49:21','1990-02-03 15:17:02','Сложный',28),(258,11,'Veniam commodi id facilis asperiores.','1995-12-17 23:51:00','1986-05-10 05:09:49','Сложный',29),(259,1,'Corporis iure sit magnam non fugiat quia.','1987-10-29 21:33:28','1982-07-10 04:23:37','Сложный',1),(260,95,'Non ea quas enim dolor dolor cumque.','1985-12-15 17:53:44','1980-03-26 08:25:24','Простой',2),(261,85,'Provident in placeat culpa blanditiis praesentium consectetur quo.','2003-08-24 03:44:45','2002-08-28 13:41:07','Средний',3),(262,67,'Et ducimus tempore enim sunt.','2006-05-31 07:29:25','2011-08-17 18:39:35','Средний',4),(263,84,'Itaque vero cumque aliquid.','2002-04-04 18:50:49','2011-10-24 17:54:52','Сложный',5),(264,91,'Maiores mollitia autem deleniti magni eum tempore quia.','2001-12-24 11:51:20','2006-02-07 20:22:10','Средний',6),(265,14,'Deserunt laudantium in et pariatur.','2018-02-03 15:54:59','2017-04-26 20:37:11','Сложный',7),(266,59,'Non suscipit mollitia veritatis a.','2004-09-29 14:53:48','2015-09-17 07:22:25','Средний',8),(267,88,'Repellat sint quisquam mollitia blanditiis odio.','2008-10-01 14:37:30','2018-03-10 01:41:49','Простой',9),(268,85,'Non nobis ut ducimus tempore nobis aut qui.','2008-05-03 14:23:24','1996-03-14 09:54:31','Сложный',10),(269,36,'Omnis quis quibusdam magni doloribus rem sint sit.','2000-03-26 16:50:53','2014-10-03 15:24:59','Средний',11),(270,56,'Voluptatem consequatur et optio molestiae error corrupti debitis et.','1999-08-12 10:31:35','1993-07-14 01:50:16','Средний',12),(271,74,'Aut mollitia molestias quod deserunt est ea.','1977-12-10 06:15:09','2011-01-15 01:13:52','Простой',13),(272,64,'Maxime tempora placeat necessitatibus eos est.','2007-07-29 22:34:48','1971-05-01 02:55:54','Средний',14),(273,97,'Unde sequi est aut ea et.','2015-02-02 01:29:19','2006-03-31 08:09:15','Простой',15),(274,12,'Dolores minima qui eos et eveniet sunt doloremque.','2011-07-05 01:57:23','2009-07-15 10:12:03','Средний',16),(275,65,'Qui quis dolor necessitatibus eos.','2018-04-17 00:08:21','1976-11-16 12:38:21','Простой',17),(276,15,'Vel sint ipsam sint nihil minima et voluptates.','2019-05-26 11:21:13','2008-01-10 04:10:13','Сложный',18),(277,70,'Atque at sed voluptas omnis.','1990-06-18 15:25:08','2002-08-10 13:29:23','Простой',19),(278,9,'Nobis quaerat odit ipsam ut quas esse vero.','2019-10-03 02:31:14','1988-08-06 05:46:31','Простой',20),(279,4,'Sed eos nam placeat ut voluptatibus.','1986-10-20 16:33:16','1977-06-11 20:43:29','Средний',21),(280,10,'Et voluptas nostrum repudiandae animi dolorem.','2007-11-04 08:20:19','2000-11-26 03:37:57','Простой',22),(281,94,'Aut placeat odit voluptatibus quae.','1994-06-26 15:21:17','2004-10-26 14:15:46','Простой',23),(282,54,'Quos culpa doloribus non sit laudantium aut veniam aperiam.','1972-10-31 16:16:51','1998-07-09 07:17:20','Простой',24),(283,19,'Ex maiores enim deleniti et ut.','1981-11-29 21:28:43','2008-01-22 10:31:53','Сложный',25),(284,17,'Quaerat fuga occaecati provident vel asperiores omnis.','2018-06-18 19:20:52','2001-05-05 07:53:00','Сложный',26),(285,19,'Nihil ut quaerat architecto beatae voluptas.','2006-02-11 20:39:19','2004-11-14 18:53:05','Средний',27),(286,72,'Distinctio temporibus accusamus ut molestias voluptatem.','2012-04-04 12:01:42','2011-02-15 12:55:16','Простой',28),(287,21,'Dolore quia et sint animi vitae sunt tenetur.','2004-02-01 13:40:47','1995-12-01 18:15:38','Средний',29),(288,65,'Adipisci ipsa dignissimos inventore sit.','1970-12-04 12:08:07','1988-05-01 22:51:19','Сложный',1),(289,82,'Dolores in eaque id maxime cum distinctio et quasi.','2020-04-14 21:42:17','2017-04-10 17:24:11','Сложный',2),(290,22,'Dolorum magni minus iusto veritatis.','1992-10-25 03:46:56','1987-04-14 04:37:24','Средний',3),(291,59,'Vitae fugiat molestias animi autem dolorem reiciendis vel id.','2013-12-04 07:36:43','2018-07-28 18:57:11','Средний',4),(292,67,'Et ipsum tempora nesciunt consequatur optio voluptatem et.','2016-11-03 03:52:04','2016-03-26 21:18:45','Сложный',5),(293,88,'Quas nulla nobis dicta molestias et dolores consectetur.','1971-10-26 01:21:16','2011-05-30 17:41:31','Сложный',6),(294,43,'Et explicabo fugit perspiciatis eos.','2005-08-29 20:35:56','2006-06-04 07:09:50','Простой',7),(295,58,'Rem distinctio dolorem recusandae cumque eos.','2002-10-06 18:17:05','1995-02-13 11:08:28','Средний',8),(296,2,'Ipsum iusto illo inventore.','1976-06-17 00:55:19','2005-06-20 17:11:54','Простой',9),(297,2,'Tempora expedita veritatis saepe in perferendis rerum.','1987-12-06 16:26:55','2012-12-08 21:00:27','Простой',10),(298,46,'Placeat ut quos ad voluptate et.','2016-06-15 14:25:19','2002-10-26 07:35:11','Средний',11),(299,86,'Aliquid beatae eos aliquam.','1987-08-06 21:06:29','1971-09-23 18:29:42','Сложный',12),(300,37,'Sequi commodi odit dolores.','1970-02-20 14:15:16','1993-02-08 19:43:43','Сложный',13);
INSERT INTO answers VALUES (1,26,201,'Error aut assumenda dolor ut asperiores non.','2013-12-22 15:00:58','2013-02-07 09:20:01'),(2,47,202,'Eveniet perspiciatis eius voluptatem odio.','1980-03-17 12:22:30','1986-11-12 17:01:12'),(3,15,203,'Quos nostrum cum at nesciunt consequatur.','1970-10-18 20:11:51','2018-06-15 01:25:13'),(4,96,204,'Quo autem dolor minus eos quas.','2015-12-12 18:28:15','2005-08-05 14:34:35'),(5,41,205,'Earum aut sed esse quae laudantium non in.','1999-09-26 09:00:48','2010-11-05 00:00:52'),(6,11,206,'Animi quae quo in ut.','1985-09-14 22:09:37','1995-06-17 03:45:29'),(7,85,207,'Et maiores sed distinctio tempora qui magni.','1971-10-05 14:28:25','1971-01-31 20:38:29'),(8,100,208,'Aut repudiandae enim a dolorum aliquam molestiae labore.','1991-11-04 00:09:36','2009-10-25 21:01:06'),(9,26,209,'Dolor alias sit culpa omnis voluptatem corporis incidunt maiores.','1980-10-17 19:28:33','1976-11-18 19:39:24'),(10,73,210,'Earum perspiciatis cupiditate quia perferendis laborum rerum debitis.','1987-12-11 10:33:10','1972-08-16 08:04:37'),(11,92,211,'Minima soluta quasi id harum autem deleniti error vitae.','1987-05-28 10:48:41','2009-03-13 03:26:31'),(12,54,212,'Esse nobis magnam eum reiciendis qui sunt consequuntur omnis.','1980-03-06 00:35:04','1981-11-08 00:48:15'),(13,98,213,'Voluptatum est neque quo repellendus.','1988-06-23 04:24:09','1979-08-05 11:59:25'),(14,21,214,'Repellendus eligendi ut quibusdam ut eum possimus.','1973-01-05 18:43:21','1983-01-11 05:48:55'),(15,6,215,'Itaque velit ipsa suscipit.','2007-10-09 21:39:12','2011-01-07 16:16:09'),(16,29,216,'Voluptas aut magni quasi suscipit praesentium.','1992-06-22 14:48:07','1999-04-01 21:15:54'),(17,74,217,'Dolor est explicabo quis et aut eos.','1983-10-07 16:21:25','2009-11-12 08:43:31'),(18,82,218,'Vel qui quod nisi ad magnam occaecati unde.','1973-06-28 18:50:30','2008-05-20 00:35:20'),(19,14,219,'Harum expedita fugiat minus et ut omnis.','1997-10-04 00:49:03','2004-08-25 15:18:40'),(20,82,220,'Amet natus minima sed laboriosam.','1979-05-10 21:49:38','1998-11-20 14:44:20'),(21,35,221,'Esse ut ea non est qui iste.','2019-12-07 17:53:22','2003-12-11 14:29:04'),(22,67,222,'Quis expedita quas dicta nobis rerum reiciendis dolores.','1979-10-09 05:18:15','2015-09-07 00:40:06'),(23,4,223,'Voluptates quidem fugiat ab qui eligendi qui.','2011-04-29 05:12:12','1996-05-04 16:58:04'),(24,23,224,'Repellat aperiam labore aut.','1970-07-10 03:31:36','1988-08-31 08:47:40'),(25,53,225,'Dolores deserunt odit repudiandae error voluptas.','2014-05-31 01:28:03','1989-07-06 02:01:59'),(26,28,226,'Sequi assumenda quidem enim quasi distinctio.','1993-07-19 14:37:44','2017-10-13 16:46:53'),(27,66,227,'Ullam ipsum sit quia eligendi doloremque odit.','1978-09-30 10:10:54','2019-01-10 17:30:28'),(28,37,228,'Sed tempora quis illo aperiam ex est.','1980-05-30 16:56:46','1977-10-30 20:36:38'),(29,15,229,'Consequatur vero est quo.','2020-10-01 04:25:12','2000-02-15 10:44:58'),(30,8,230,'Architecto minus sunt quia aut et amet vel.','2002-03-22 05:14:22','2018-01-20 05:11:01'),(31,35,231,'Quis sequi qui ut dignissimos eum voluptas.','1997-08-26 23:20:23','1977-10-13 19:12:15'),(32,40,232,'Optio ut eveniet magni sed ut deleniti.','2013-09-28 15:10:04','2005-10-12 20:51:32'),(33,54,233,'Delectus explicabo repudiandae esse omnis laborum.','2005-07-07 22:02:36','1972-05-13 05:42:36'),(34,49,234,'Dolore nostrum molestias provident pariatur ipsum harum nemo.','1994-12-28 02:09:28','1980-11-21 00:23:54'),(35,35,235,'Aperiam aut et magnam quae et voluptate.','2017-03-27 06:36:17','1970-05-17 20:09:57'),(36,94,236,'Excepturi voluptas voluptas expedita corrupti.','1970-05-26 07:18:05','1986-01-14 23:07:40'),(37,59,237,'Occaecati fugiat aut laborum hic porro.','2011-03-23 18:37:24','1984-07-24 17:06:48'),(38,20,238,'Ea rerum aut et qui aut officiis officia.','1971-04-24 04:45:00','2018-05-24 22:00:07'),(39,94,239,'Saepe non iusto asperiores est minima.','2001-02-24 10:11:57','2011-01-16 16:00:19'),(40,85,240,'Sequi neque voluptas ut eum nulla veniam.','1995-08-05 01:43:13','2014-02-22 21:01:33'),(41,92,241,'Expedita in fugit soluta quo dolor qui.','1978-12-27 03:11:12','1995-02-14 23:21:49'),(42,86,242,'Culpa aut consequatur doloribus ipsa omnis fuga fugiat.','1987-06-30 00:19:12','1974-01-19 22:12:38'),(43,38,243,'Quaerat aut qui animi ducimus laudantium omnis mollitia.','2000-05-10 05:51:30','1974-12-25 22:12:07'),(44,89,244,'Et odio consequatur ipsa voluptatem.','2010-05-22 07:33:41','1996-12-14 07:44:12'),(45,6,245,'Dolore quas sapiente dolorem.','1984-06-11 21:09:36','2019-06-09 04:00:26'),(46,43,246,'Cupiditate aut fugiat maiores ipsa.','1981-09-20 19:05:22','2013-08-21 17:33:56'),(47,18,247,'Consequatur repellendus et ea aut officiis libero.','2016-08-27 02:56:32','2005-12-29 16:25:43'),(48,80,248,'Nemo eveniet est maiores.','2017-07-06 00:00:43','1985-10-21 19:43:16'),(49,25,249,'Aut eum ut dolores.','1983-09-26 11:40:16','1981-10-01 07:38:19'),(50,32,250,'Ut repudiandae ex distinctio laboriosam quis.','1975-09-15 15:04:17','2021-03-06 12:24:00'),(51,61,251,'Vero reprehenderit dignissimos minima qui ratione itaque.','2007-07-09 13:55:15','2008-12-27 05:51:50'),(52,60,252,'Vel sit sequi ut cum.','1994-05-30 21:49:33','2002-01-20 20:42:52'),(53,98,253,'Maxime laborum nihil beatae voluptatem dolores dolore recusandae minima.','2019-04-18 11:54:40','2002-09-26 17:10:32'),(54,65,254,'Amet est veniam dignissimos aut aut ex.','1997-10-09 01:49:46','2011-10-31 19:59:37'),(55,82,255,'Pariatur sed dolorum assumenda sequi.','2009-08-19 03:49:21','2004-07-25 12:54:01'),(56,50,256,'Est laboriosam unde modi voluptates.','1999-08-29 00:12:39','1994-10-29 22:40:38'),(57,92,257,'Veniam excepturi quo et est.','1995-12-05 00:23:51','1972-04-20 22:45:00'),(58,48,258,'Ipsa esse voluptas distinctio sapiente.','1979-12-05 01:16:55','2019-01-09 12:09:02'),(59,87,259,'Dolores iure ut tenetur expedita sed.','1991-04-14 19:20:04','2001-10-22 07:49:55'),(60,6,260,'Repudiandae alias officia magni vitae.','1976-05-30 02:03:33','1974-05-13 19:37:56'),(61,56,261,'Omnis praesentium aut ea quidem commodi corrupti quia.','2003-07-29 16:17:09','2018-10-11 08:05:03'),(62,21,262,'Dolor ea magni ea voluptas.','1972-06-25 04:19:46','1973-12-21 20:45:07'),(63,46,263,'Laboriosam voluptatibus dicta similique.','2017-02-03 10:36:29','1973-07-27 02:07:10'),(64,10,264,'Quis non itaque soluta excepturi vitae.','2019-05-04 06:55:45','1986-10-27 00:05:18'),(65,70,265,'Et voluptatem ipsam amet vitae sit pariatur.','1976-07-30 02:52:31','2007-04-08 02:00:09'),(66,81,266,'Facere impedit quibusdam quo doloremque commodi culpa.','2008-11-28 19:20:31','2019-02-17 10:56:55'),(67,4,267,'Quia ut nisi nam doloremque dolore dolore.','1982-12-02 02:16:48','1980-03-14 19:31:39'),(68,28,268,'Autem modi fugiat ut illo sit atque nulla.','2000-09-21 11:36:19','1986-09-11 17:34:56'),(69,100,269,'Nam facilis molestiae aperiam optio.','1985-10-12 02:19:10','2006-01-29 13:06:47'),(70,97,270,'Et dolor quo aut veritatis dolore commodi sint.','2012-05-21 12:04:40','2016-06-30 17:31:16'),(71,13,271,'Ut assumenda ipsum vel.','2015-08-05 11:34:40','1999-11-23 02:58:51'),(72,92,272,'Omnis voluptas accusamus perspiciatis corporis quo atque minima.','2002-03-23 03:20:16','2007-12-01 06:09:32'),(73,82,273,'Et laudantium non autem.','2007-08-25 08:44:53','2009-06-21 14:21:24'),(74,50,274,'Quia facilis cum quae culpa.','2019-05-10 04:59:11','1997-09-23 13:32:55'),(75,81,275,'Nihil ex aspernatur sit ipsam et.','1975-05-21 15:28:14','1998-04-09 00:23:37'),(76,88,276,'Iste repellat sunt illum aperiam rerum modi fugiat.','1970-06-22 01:57:00','2011-05-24 05:32:53'),(77,93,277,'Nobis repellendus dicta consectetur saepe aliquam nulla.','1976-05-18 23:55:07','1989-05-10 05:25:49'),(78,98,278,'Incidunt itaque dolore temporibus perferendis repellendus et.','2017-05-29 20:36:08','2008-01-15 06:35:13'),(79,67,279,'Voluptatibus dicta velit eaque aspernatur odit et.','1986-10-04 16:27:40','2004-02-10 23:13:44'),(80,17,280,'Maiores omnis quis ducimus est odio aliquam nihil.','1999-10-18 10:10:27','2012-09-25 15:58:37'),(81,29,281,'Placeat explicabo perferendis perspiciatis magnam quia possimus pariatur.','1982-06-13 02:58:25','1996-07-27 20:05:56'),(82,27,282,'Id qui quae aut hic.','1975-07-05 17:54:31','1977-06-05 20:37:36'),(83,77,283,'Aspernatur tempore quos praesentium in odit sunt eum.','2019-05-03 20:00:57','2007-12-25 07:08:19'),(84,27,284,'Sed qui atque delectus non.','2020-01-09 17:53:22','1997-08-03 17:09:57'),(85,91,285,'Molestiae a dolores voluptate rerum aut.','1971-01-03 14:17:18','1982-12-31 00:47:17'),(86,58,286,'Quo quasi aut rerum architecto natus.','2015-04-29 10:09:44','2019-10-18 09:06:30'),(87,77,287,'Non qui odit porro est dicta distinctio ab.','2000-08-12 02:43:47','1978-11-11 20:09:20'),(88,83,288,'Ducimus quidem quasi quis odio repellendus.','1988-01-31 20:48:28','2015-04-05 00:55:02'),(89,6,289,'Earum in quis aut consequatur.','2007-07-26 06:13:01','2013-08-30 21:23:33'),(90,63,290,'Ex aperiam impedit ab at adipisci nostrum culpa.','2003-07-25 08:30:11','1991-01-08 01:57:11'),(91,89,291,'Autem nam fugiat nam ut cumque possimus.','1993-11-25 01:46:04','2006-02-20 15:26:04'),(92,62,292,'Ab facilis qui aut harum consequatur ipsa molestiae.','2012-07-12 22:53:31','1972-10-04 00:11:25'),(93,83,293,'Sit impedit quia dolores officia.','2001-09-13 14:15:46','1983-01-02 03:49:29'),(94,35,294,'Deleniti nobis a voluptatem facilis quia ut.','1982-06-14 13:35:21','1983-02-17 08:29:53'),(95,71,295,'Quasi quis consequatur ea ipsam quia.','1972-02-17 19:41:49','1981-07-10 03:39:07'),(96,52,296,'Recusandae doloribus recusandae dolor voluptatum corporis eligendi tempora facilis.','1978-08-09 23:28:12','1987-05-09 20:33:56'),(97,16,297,'Asperiores vel fugiat labore aut est.','1987-04-04 17:03:57','2017-01-07 14:07:18'),(98,74,298,'Architecto sit corporis est corrupti reprehenderit illo.','2019-12-14 23:31:58','1983-02-17 09:43:48'),(99,80,299,'Pariatur esse ut et officia.','2000-10-31 22:23:16','1998-02-19 17:55:45'),(100,15,300,'Ratione in reprehenderit cumque adipisci accusamus.','2011-02-22 21:14:43','2005-08-01 06:12:13'),(101,71,201,'Inventore natus et qui debitis quia.','1995-03-01 08:45:47','1998-04-01 01:27:57'),(102,92,202,'Inventore beatae harum rem enim.','2000-05-15 19:16:51','1994-02-17 14:18:59'),(103,6,203,'Quibusdam rerum in repellendus placeat et asperiores.','2004-05-27 17:02:09','2016-01-27 16:05:07'),(104,53,204,'Qui quidem est et rerum.','1989-01-20 01:31:10','2016-04-09 20:50:54'),(105,42,205,'Minima accusantium odit quis nam totam nisi.','2018-07-04 10:14:28','1987-02-15 07:37:41'),(106,86,206,'Possimus tempora occaecati quod labore quibusdam accusamus aut.','1984-06-19 14:15:37','1971-10-28 02:45:40'),(107,40,207,'Doloremque et inventore rerum aspernatur vero quia perspiciatis necessitatibus.','2020-08-28 15:03:31','1972-02-01 20:50:26'),(108,34,208,'Dolores corporis similique ut.','1973-03-16 10:15:36','1995-04-28 04:54:20'),(109,84,209,'Maxime sed voluptatum dolores totam rerum.','2000-06-14 17:48:02','2004-04-24 16:42:59'),(110,7,210,'Doloremque quos iste repudiandae nesciunt omnis vitae iusto.','2010-09-08 01:02:35','1979-01-26 18:17:25'),(111,51,211,'Molestiae sed placeat minus hic.','1995-02-21 16:41:50','2008-08-08 21:48:10'),(112,12,212,'Maxime quaerat voluptates dolores ipsum.','1980-08-15 14:25:49','1983-11-21 16:34:51'),(113,34,213,'Dignissimos sunt quia dolorem.','1974-01-26 06:20:59','1985-08-01 20:46:43'),(114,27,214,'Quam quis a enim quia dolorem.','2006-12-27 04:20:45','2010-02-10 11:43:07'),(115,38,215,'Est iusto occaecati quasi non.','2018-04-12 05:49:31','1972-11-19 00:59:14'),(116,24,216,'Perspiciatis quidem aliquam necessitatibus maxime ducimus est.','1984-04-25 07:39:12','2002-05-05 09:06:30'),(117,85,217,'Quia impedit voluptatem occaecati.','2013-04-03 06:42:53','2006-05-30 21:09:48'),(118,14,218,'Est qui quam nihil ducimus assumenda hic ab excepturi.','1989-10-27 00:37:06','1986-10-25 16:14:52'),(119,7,219,'Inventore est non libero qui.','1983-03-11 10:14:39','1987-07-23 17:09:17'),(120,90,220,'Officia et qui dicta tempore.','1996-10-17 08:01:09','2018-06-17 11:37:03'),(121,76,221,'Est adipisci dolorem vero vel voluptates ducimus dignissimos.','2008-09-04 03:02:43','2010-06-15 23:36:18'),(122,96,222,'Et deserunt consequatur facere rerum temporibus eaque.','2000-08-30 20:03:02','1993-08-08 21:52:51'),(123,52,223,'Sit est perspiciatis nemo iste fugiat.','1973-04-22 17:30:41','1991-06-02 21:37:17'),(124,59,224,'Qui incidunt blanditiis est magnam.','2002-06-18 09:13:06','1980-01-13 13:05:25'),(125,31,225,'Libero dolorem praesentium magni quas earum ad quo.','2013-02-21 07:17:34','2010-02-13 07:20:17'),(126,22,226,'Quod expedita ipsum enim eligendi veniam.','2016-05-29 10:43:48','2004-06-22 23:54:59'),(127,10,227,'Quasi ad laboriosam provident rerum aperiam fugiat itaque.','2000-01-12 06:51:45','2017-04-18 00:17:18'),(128,46,228,'Recusandae quia repellendus quod non eum facere aut.','1986-06-18 20:20:02','1985-01-08 07:13:52'),(129,95,229,'Sunt expedita quaerat quisquam fuga quae voluptas voluptatem.','2018-07-25 13:46:45','1970-12-28 18:12:48'),(130,89,230,'Explicabo porro corporis architecto sint.','1993-02-11 06:24:33','2020-11-03 23:22:38'),(131,60,231,'Ipsa et nemo autem unde iusto est est.','1978-08-24 10:22:57','1985-03-22 09:27:56'),(132,66,232,'Sed esse nam incidunt fugiat est.','1973-07-20 04:50:41','1981-05-04 00:45:45'),(133,81,233,'Non mollitia omnis ea exercitationem facere ut voluptatem nam.','1977-03-07 12:53:06','1999-11-03 18:38:58'),(134,66,234,'Consectetur consectetur ea quidem.','2019-11-09 16:46:21','1980-11-28 05:38:28'),(135,18,235,'Maiores soluta vitae consequatur magni dolor sed vitae maiores.','1981-09-19 05:16:25','2010-09-03 22:58:23'),(136,22,236,'Impedit dicta rerum at dicta ipsa eligendi.','1991-07-02 14:28:11','2012-08-14 21:44:35'),(137,52,237,'Laudantium omnis eius quia suscipit nesciunt.','1984-03-05 09:33:36','2012-09-05 21:47:15'),(138,57,238,'Exercitationem quo libero voluptas omnis.','2019-03-27 06:01:23','2012-01-26 21:43:20'),(139,56,239,'Non autem sequi ratione reiciendis voluptatem in tempore.','1999-02-07 09:36:51','2018-08-21 07:53:47'),(140,35,240,'Animi voluptatum aut provident quia rerum voluptatum.','2013-12-05 22:38:27','1984-04-22 06:20:40'),(141,64,241,'Et repellat fuga assumenda ab eaque tempore voluptatem.','2010-03-12 02:23:42','2017-07-06 23:04:21'),(142,6,242,'Odio consequuntur perspiciatis a.','2003-04-15 10:08:07','1991-11-12 09:09:03'),(143,47,243,'Delectus nulla dolorem et quia numquam ut ipsam qui.','1980-12-15 18:55:21','1977-11-21 16:21:43'),(144,97,244,'Nesciunt ab odio iste illo perspiciatis.','1974-12-25 22:12:49','1995-10-07 13:07:35'),(145,33,245,'Consequatur est at asperiores.','1991-05-04 01:53:35','1981-04-14 13:50:59'),(146,84,246,'Ut vero sunt harum dolorem excepturi ea optio.','1989-04-18 05:07:33','1980-10-13 04:40:25'),(147,21,247,'In molestiae rem voluptate aliquid eligendi.','1983-06-12 07:02:09','2003-04-07 04:57:56'),(148,17,248,'Dolores sed a est omnis iure vel inventore.','2003-12-06 04:14:01','2009-05-06 10:34:23'),(149,98,249,'Ea maiores tempora repellendus.','1970-07-18 07:25:10','1980-03-02 08:56:55'),(150,27,250,'Illum voluptatem qui asperiores minus.','2016-09-04 12:37:03','2014-03-02 03:01:49'),(151,7,251,'Qui neque architecto ipsam consequatur ut aut tempora.','1999-02-25 13:06:10','2020-05-04 12:59:43'),(152,73,252,'Dolorem dignissimos dolor cum placeat eum beatae.','1985-07-18 08:56:20','2018-03-11 06:01:06'),(153,23,253,'Itaque cupiditate quaerat error tenetur et ut.','1978-04-06 02:54:50','1988-09-24 02:22:05'),(154,58,254,'Perspiciatis aliquid et illo dolores est.','2001-09-12 17:08:26','1986-04-28 04:14:06'),(155,32,255,'Praesentium facilis ipsam distinctio accusamus in.','2008-11-08 14:07:47','2002-08-22 10:00:13'),(156,53,256,'Aut rerum itaque dolorum asperiores natus.','1978-09-19 09:33:15','2013-10-28 13:26:38'),(157,80,257,'Enim ex officia iure fugit rerum.','1987-04-28 19:34:29','1988-03-26 17:37:45'),(158,41,258,'Eius ut beatae sint omnis fuga dolorum et.','2011-11-17 19:35:39','2006-05-15 06:32:53'),(159,98,259,'Dolor nostrum in sit in qui aut quisquam odit.','1981-06-27 16:41:41','2019-09-08 22:52:14'),(160,75,260,'Explicabo et laborum ipsum et.','1978-09-28 21:23:52','2017-11-17 17:34:05'),(161,30,261,'Ad soluta quia dolorem architecto.','2005-11-07 20:23:57','2014-03-09 09:28:45'),(162,58,262,'Et eos tempora quaerat sit fugiat.','2007-08-23 23:48:43','2004-05-15 15:36:59'),(163,40,263,'Assumenda ut eos aut adipisci necessitatibus voluptas.','2013-01-26 05:45:39','2012-02-15 08:38:14'),(164,11,264,'Eos et consequatur voluptas necessitatibus quis doloremque.','1999-01-06 09:10:04','1985-12-14 11:26:32'),(165,24,265,'Eaque dolorem totam eum temporibus quos ut voluptatem et.','2007-10-24 21:07:25','1990-05-21 03:06:07'),(166,57,266,'Ut quae et aliquid saepe.','1979-06-14 13:06:10','1998-04-05 22:00:53'),(167,32,267,'Dolor fugit iusto beatae earum ut rerum sint.','2007-08-14 11:24:31','1997-06-13 23:40:05'),(168,75,268,'Molestiae animi quo repudiandae.','1992-09-04 11:43:33','1992-06-16 13:05:18'),(169,14,269,'Aut deleniti est quia repudiandae fuga.','1993-04-11 08:56:57','2013-11-07 01:47:45'),(170,88,270,'Distinctio corrupti et nulla rem voluptatem.','2014-12-11 03:14:10','2007-01-04 05:06:05'),(171,10,271,'Et quia omnis consequatur ducimus impedit omnis id et.','1987-01-22 12:21:50','2014-09-14 02:44:37'),(172,77,272,'Et exercitationem amet ea amet dolor ea debitis.','1975-12-30 06:54:33','2019-06-14 10:33:46'),(173,94,273,'Provident dolor et dolorum occaecati fugiat.','2020-05-31 09:22:32','2000-04-03 23:06:06'),(174,56,274,'Animi et optio cumque doloribus.','2020-10-05 15:06:07','2018-08-09 14:57:08'),(175,73,275,'Amet iure ipsam culpa impedit voluptate accusantium veritatis.','1982-03-14 07:16:40','2004-11-29 18:22:29'),(176,26,276,'Inventore ut voluptatem tenetur eaque sed molestias officiis.','1986-04-24 19:32:17','1990-03-31 03:23:57'),(177,39,277,'Tenetur culpa voluptates doloremque est.','1975-04-29 10:56:38','2001-03-24 10:45:02'),(178,93,278,'Voluptatem modi culpa in ea in dignissimos.','1985-03-13 16:39:57','1995-01-16 20:50:52'),(179,43,279,'Architecto aut magni cumque unde autem.','2006-06-26 20:03:42','1999-06-19 02:54:16'),(180,37,280,'Repellendus ut deserunt nobis iste autem perspiciatis ex.','2012-05-30 14:55:18','1997-12-21 06:36:09'),(181,20,281,'Exercitationem fuga delectus facere similique.','1986-09-20 19:48:15','2006-03-24 19:00:57'),(182,50,282,'Ut nisi odio qui inventore autem.','1994-03-24 21:02:36','1971-04-07 03:26:41'),(183,10,283,'Rem eveniet vel exercitationem inventore.','2009-07-28 17:43:08','1998-04-13 16:19:48'),(184,42,284,'Illo harum quia harum maiores tenetur laudantium.','2017-12-08 02:07:16','2006-08-05 01:33:39'),(185,8,285,'Quis ab commodi aspernatur incidunt voluptas perspiciatis et enim.','1991-04-06 03:35:16','1995-08-26 02:43:01'),(186,41,286,'Ipsum aperiam rerum officiis neque consequatur reiciendis.','2006-12-21 01:23:51','2001-06-03 00:48:07'),(187,95,287,'Dicta ullam magnam aut.','1973-08-03 14:25:16','2009-10-25 21:37:42'),(188,87,288,'Ut vero in assumenda natus.','2012-11-24 17:10:03','2007-04-15 15:45:56'),(189,82,289,'Ipsam voluptatem adipisci ex.','2008-03-02 16:41:47','2002-03-12 06:59:58'),(190,93,290,'Dolores harum aut temporibus exercitationem.','2004-05-03 13:28:03','1981-06-23 02:36:50'),(191,61,291,'Eaque ut earum voluptatem sapiente cupiditate.','1988-07-07 17:56:40','1982-02-05 07:50:27'),(192,11,292,'Porro ea quidem et illo voluptatem.','1995-01-28 03:15:30','1995-11-20 10:16:42'),(193,51,293,'Molestiae voluptatem facere architecto expedita nisi ea doloremque.','2000-08-29 15:57:07','1981-12-17 05:08:40'),(194,100,294,'Et quos id nostrum.','1981-09-14 17:25:57','1995-01-29 11:20:46'),(195,21,295,'Fuga dicta ut itaque ut.','1993-04-28 09:23:33','2000-02-19 18:48:02'),(196,74,296,'Voluptas assumenda est autem doloribus.','1993-02-10 02:01:27','2013-02-22 21:24:28'),(197,57,297,'Aut odit temporibus eos eos sed.','1988-05-28 12:57:39','2002-12-04 03:10:44'),(198,53,298,'Quis et culpa illum explicabo ipsum voluptas.','2019-09-12 22:15:22','2010-11-29 02:24:03'),(199,49,299,'Non voluptas omnis vitae facere vitae optio.','1974-11-29 05:40:59','1971-07-14 18:32:59'),(200,70,300,'Saepe aut at totam eaque quod et.','1977-09-01 14:37:28','1985-04-03 20:39:55'),(201,40,201,'Et velit quia rerum nesciunt deleniti et aspernatur nulla.','1976-08-31 00:13:26','1989-09-06 03:37:50'),(202,58,202,'Porro voluptates ad non aut esse tenetur voluptatem debitis.','2012-10-29 05:35:07','1997-06-22 10:53:11'),(203,46,203,'Explicabo ipsa impedit quia ut.','1976-11-14 06:41:22','2007-06-16 19:46:00'),(204,33,204,'Non quo qui voluptas voluptatibus quo ut.','1979-11-05 11:59:01','1991-08-09 02:03:24'),(205,14,205,'Modi sint harum sit voluptatem et facilis.','2000-09-04 23:15:22','2017-04-23 15:47:00'),(206,19,206,'Natus odio non exercitationem in nobis voluptatem.','1976-09-18 10:53:42','2003-02-21 06:16:44'),(207,59,207,'Et qui ut eveniet laudantium.','1984-06-25 21:01:30','1990-05-18 18:28:48'),(208,52,208,'Reprehenderit rem vitae et eaque.','2016-04-23 19:42:53','2009-12-13 09:30:42'),(209,12,209,'Ratione aspernatur hic ipsam velit quos ab.','2003-07-14 08:07:48','1971-09-26 08:29:16'),(210,1,210,'Voluptas necessitatibus id magnam soluta voluptas voluptate soluta.','1979-11-29 13:28:11','2000-11-10 14:20:21'),(211,89,211,'Eum et perspiciatis et.','2019-04-30 06:56:04','1992-01-20 11:43:11'),(212,31,212,'Earum sint perferendis minus ut velit distinctio.','1972-06-11 21:26:15','1982-01-31 13:50:22'),(213,51,213,'Aliquid quo et distinctio porro fugiat et aut error.','2018-11-07 16:43:49','1996-01-18 08:54:26'),(214,98,214,'Eius error voluptas nihil.','2013-06-18 08:53:06','1971-05-11 12:13:54'),(215,73,215,'Earum repudiandae in eum at.','2016-06-20 14:34:29','2017-06-07 08:08:31'),(216,58,216,'Esse voluptates reiciendis quo aut.','1977-08-15 22:37:13','1970-05-09 21:16:20'),(217,38,217,'Quia sed odit ut deleniti est.','2001-08-03 03:36:31','1986-06-23 20:49:31'),(218,67,218,'Rerum reiciendis quis illo nihil dicta ut architecto.','1977-02-18 14:56:14','2015-08-05 12:49:32'),(219,44,219,'Odio aut corrupti quo animi in corrupti praesentium.','1972-06-16 00:08:41','1987-10-01 16:29:40'),(220,19,220,'Corporis et consequatur cumque et quis molestiae non beatae.','1991-05-09 23:31:59','1971-02-21 21:50:28'),(221,60,221,'Voluptas itaque omnis ut corporis consectetur illum.','2004-09-16 16:12:47','1998-12-05 16:09:31'),(222,4,222,'Aspernatur impedit incidunt qui et incidunt fuga neque.','1974-05-22 13:57:51','1990-08-24 06:28:30'),(223,30,223,'Repellat sed consequatur quasi eos magnam aut.','1983-05-14 17:06:50','2008-08-07 16:15:37'),(224,10,224,'Suscipit et culpa beatae id consequuntur rerum perspiciatis expedita.','2000-03-24 16:58:10','2010-11-16 23:53:45'),(225,4,225,'Itaque hic necessitatibus ipsam officiis.','1973-06-06 15:01:23','1982-01-08 08:45:52'),(226,51,226,'Molestiae placeat laudantium consectetur explicabo maiores et consequuntur.','1975-10-18 21:03:14','2006-01-13 01:37:38'),(227,84,227,'Consequuntur accusantium cum dignissimos placeat maxime.','2005-02-27 22:45:51','1984-01-06 14:16:15'),(228,60,228,'Est est earum ex aperiam cumque nostrum eos.','2018-07-09 22:39:38','1995-10-23 00:43:42'),(229,3,229,'Laborum quae voluptas dolorem ut.','1972-08-25 23:18:25','1993-07-04 08:56:05'),(230,32,230,'Omnis asperiores ea perferendis itaque.','1973-07-02 07:02:35','2015-02-08 11:12:41'),(231,29,231,'Eos id provident laudantium voluptas voluptatem quo soluta incidunt.','1997-10-21 05:33:43','2000-12-07 09:21:10'),(232,43,232,'Corrupti repudiandae quis fuga.','1976-10-12 16:44:00','2020-01-11 23:00:36'),(233,90,233,'Necessitatibus quia ut in asperiores est esse.','1985-10-07 03:16:09','1987-10-01 06:17:15'),(234,75,234,'Optio qui consequatur quia a rerum officiis officiis.','2019-03-03 14:58:36','2005-10-17 09:50:59'),(235,76,235,'Error quis excepturi mollitia repudiandae dolores voluptates.','1980-10-08 03:41:23','1993-11-17 13:16:39'),(236,3,236,'Officiis voluptate sed est illum dolorem fuga.','2014-01-13 03:24:03','1983-05-13 12:16:32'),(237,94,237,'Cupiditate ipsam eum dolore sed.','1992-07-10 06:03:31','2008-12-24 22:22:19'),(238,35,238,'Quidem est sint nobis.','2012-12-14 18:33:04','1979-09-26 01:28:48'),(239,55,239,'Voluptate cumque nihil autem voluptas aut sint.','2016-08-12 22:25:19','2002-07-25 23:58:21'),(240,5,240,'Ad suscipit est omnis pariatur quo et.','1985-10-31 06:47:03','2008-06-10 23:41:23'),(241,36,241,'Ea eos pariatur aut vitae autem.','1981-12-01 19:56:38','1981-04-30 10:19:03'),(242,43,242,'Consequuntur fugit aspernatur provident sapiente.','2018-05-14 01:43:01','2013-11-15 15:20:03'),(243,35,243,'Praesentium minus consequatur et asperiores.','1985-08-03 22:44:42','2006-12-29 04:04:01'),(244,86,244,'Architecto fugit qui odio deleniti aut.','2010-11-18 03:05:18','1988-12-11 14:58:10'),(245,41,245,'Repellat incidunt ratione recusandae doloremque.','1973-04-25 08:53:19','2010-04-21 10:24:51'),(246,7,246,'Ut qui ut qui dolorem quis.','1994-04-23 19:04:36','1987-01-28 19:55:48'),(247,43,247,'Perspiciatis consequatur quo cupiditate tempora ratione.','2006-03-05 15:18:30','2001-02-20 01:39:31'),(248,79,248,'Velit qui dignissimos placeat distinctio ullam minima.','1989-09-11 14:44:03','2019-12-05 16:23:45'),(249,74,249,'Provident ut possimus provident culpa quae recusandae quo.','2011-04-21 12:14:45','1979-05-23 04:54:33'),(250,86,250,'Voluptatum nam explicabo architecto aut quae odio aut.','2018-01-29 17:58:39','1990-06-20 20:06:21'),(251,97,251,'Atque placeat neque reprehenderit officia quaerat dolores est.','1994-01-08 22:55:28','2005-07-02 01:52:20'),(252,34,252,'Qui similique laborum voluptatem est voluptate.','2000-06-28 05:36:18','2011-12-08 13:24:33'),(253,90,253,'Modi aut tempora veritatis sunt et quas saepe reiciendis.','1982-06-17 20:57:51','1982-04-17 20:10:57'),(254,27,254,'Est explicabo laborum expedita magni ea ab iusto.','1970-08-05 20:41:23','1996-11-15 12:00:12'),(255,43,255,'Quos consequuntur veritatis eligendi impedit cumque maxime.','2011-01-20 12:49:41','1975-07-30 21:56:15'),(256,93,256,'Libero ab est sequi maxime vitae.','2007-03-08 18:25:23','1970-01-04 11:37:50'),(257,77,257,'Excepturi nesciunt porro deleniti enim molestiae veniam maiores.','2013-06-30 11:19:41','2011-01-27 12:54:38'),(258,27,258,'Dolores aut similique minima placeat similique similique.','2017-04-03 14:38:46','2002-05-29 22:34:59'),(259,52,259,'In veritatis ut accusamus quae voluptas sunt earum alias.','1992-01-21 08:15:37','2001-04-17 01:08:12'),(260,80,260,'Dolor ullam id magni voluptatem.','2001-03-03 20:13:16','1972-08-15 02:43:34'),(261,59,261,'Ratione ut eligendi molestiae amet eligendi molestiae.','2006-10-17 01:10:22','2014-04-02 09:08:21'),(262,80,262,'Mollitia in nihil aut fuga.','2016-07-18 03:28:56','1977-05-26 20:02:35'),(263,23,263,'Corrupti ab omnis et voluptates quia cumque ipsa.','2003-04-21 14:39:35','1996-09-21 07:37:49'),(264,49,264,'Hic unde et et est laborum veniam earum.','1978-04-17 14:19:30','2012-04-15 00:08:58'),(265,55,265,'Quas et in est fugit reprehenderit recusandae ut.','1979-05-30 20:41:25','1988-07-21 22:31:59'),(266,99,266,'Atque aperiam voluptates non.','1986-04-23 08:52:04','2012-07-24 21:12:49'),(267,51,267,'Et sunt explicabo commodi ut adipisci dolorum ipsam.','2008-05-19 00:43:08','2009-11-09 06:18:31'),(268,48,268,'Consequatur et quia consequatur laboriosam et.','2004-06-14 05:49:33','1982-05-24 03:23:17'),(269,33,269,'Molestiae velit accusantium consequatur.','2006-09-10 20:53:23','1973-05-27 17:46:34'),(270,6,270,'Est repellendus sit maiores enim quasi dolore.','2009-07-17 19:22:21','2007-04-21 06:18:23'),(271,52,271,'Fuga nemo voluptatibus quas quis.','1975-08-25 04:24:12','2008-11-18 13:46:46'),(272,68,272,'Dicta libero ratione dolores et.','1971-03-25 02:36:16','1976-05-27 16:22:02'),(273,49,273,'Enim et eos nulla aut.','2020-12-23 14:34:02','1971-07-04 22:01:17'),(274,87,274,'Officia quia suscipit amet est voluptas suscipit.','1986-09-08 07:48:16','1975-02-10 01:23:47'),(275,54,275,'Temporibus pariatur nemo nisi voluptas sint rem.','1995-10-12 13:04:21','1979-03-19 13:43:02'),(276,89,276,'Qui et nostrum excepturi.','2013-10-03 18:02:21','2019-11-16 16:45:43'),(277,93,277,'Ut similique ducimus eum quo.','1993-02-06 15:22:29','1977-01-12 07:45:11'),(278,96,278,'Et non et possimus voluptas magni.','2018-12-07 15:25:15','1971-10-01 07:50:06'),(279,67,279,'Eum libero quaerat et voluptates voluptas nam.','1984-08-14 01:07:17','2019-12-12 19:53:24'),(280,67,280,'Ullam autem atque vel ex excepturi aut odio.','1976-01-31 07:16:12','1987-12-16 13:09:35'),(281,81,281,'Facere id voluptatem qui porro.','1989-05-18 06:10:20','2004-04-16 11:28:30'),(282,64,282,'Qui ut animi quo doloribus iste.','1989-10-13 14:29:24','1986-01-01 19:04:43'),(283,100,283,'Earum enim vitae quos.','1983-04-09 07:01:18','2013-10-05 15:02:23'),(284,71,284,'Voluptates eligendi est nemo molestiae perferendis est.','1985-05-08 19:59:57','2019-06-05 01:58:49'),(285,91,285,'Placeat aliquam modi est accusamus quis esse.','2019-08-13 03:25:39','2011-11-21 04:47:21'),(286,43,286,'Est cum voluptas voluptates suscipit deleniti veniam.','1976-07-26 14:09:07','1981-03-23 20:15:22'),(287,63,287,'Nesciunt omnis tempore unde mollitia ab illum ducimus iure.','1994-12-15 01:33:35','2018-08-30 06:22:54'),(288,67,288,'Consequuntur quas beatae nulla veniam.','1991-04-10 06:12:23','2004-07-14 18:48:19'),(289,69,289,'Saepe quis sed dignissimos explicabo odio dicta.','1982-04-30 20:12:58','2007-05-28 03:05:42'),(290,14,290,'Occaecati commodi autem atque.','1997-02-09 02:38:06','2017-04-03 07:44:44'),(291,47,291,'Laboriosam explicabo deserunt explicabo enim dolor omnis eos.','1991-09-06 15:08:12','2010-08-03 07:08:49'),(292,28,292,'Minus quam nisi quia.','1999-12-20 05:24:21','1980-05-11 11:27:04'),(293,94,293,'Nihil enim vitae optio.','1971-12-15 01:30:58','1993-08-31 22:25:11'),(294,70,294,'Velit aut magni quia quae culpa vel accusamus.','1992-07-11 09:53:45','1995-10-15 14:32:22'),(295,76,295,'Sunt veniam qui perspiciatis iure voluptates.','1992-09-10 08:53:53','2003-07-19 03:57:55'),(296,48,296,'Perferendis unde qui labore dignissimos ipsam maxime vel.','1989-09-12 05:52:44','2009-01-12 15:07:10'),(297,68,297,'Provident in voluptates blanditiis quo quod eum.','1993-02-25 22:48:16','2014-12-14 04:13:10'),(298,27,298,'Ea officiis repudiandae consequatur molestiae dolorem consequatur quaerat.','1971-03-09 19:32:54','1970-04-23 17:06:00'),(299,96,299,'Reiciendis vero vero consequatur facilis est inventore perspiciatis.','1995-05-19 15:00:16','1994-01-05 18:08:30'),(300,1,300,'Veritatis eveniet tempora voluptatem est voluptate impedit omnis.','2017-02-21 16:15:51','1997-08-13 11:56:03');
INSERT INTO answers_likes VALUES (1,27,0),(1,190,1),(1,199,0),(2,97,0),(3,39,0),(3,43,1),(3,91,1),(3,95,1),(3,176,0),(3,186,0),(4,22,0),(4,255,1),(5,261,1),(6,119,0),(6,184,0),(7,56,0),(7,109,0),(7,196,1),(8,154,0),(8,220,0),(8,237,0),(9,122,0),(9,289,0),(10,88,1),(10,129,1),(11,130,0),(11,131,1),(11,263,1),(12,2,0),(12,142,0),(12,194,0),(12,242,0),(12,284,0),(13,24,0),(13,102,0),(14,51,1),(14,292,1),(15,8,0),(15,17,1),(15,120,0),(15,137,0),(15,171,0),(15,231,0),(15,236,0),(16,21,1),(16,68,0),(16,159,0),(16,202,0),(16,213,0),(16,218,1),(17,139,0),(17,158,0),(17,221,0),(17,290,0),(18,31,0),(18,61,0),(18,143,0),(19,30,0),(19,75,1),(20,4,1),(20,19,0),(20,189,1),(21,140,0),(21,274,0),(22,28,1),(22,93,0),(22,166,0),(22,204,0),(22,228,0),(23,133,0),(23,271,0),(24,40,1),(24,76,0),(24,148,0),(24,178,0),(24,198,0),(25,63,1),(25,183,0),(25,207,1),(25,297,0),(26,18,1),(26,212,0),(27,47,0),(27,94,1),(27,162,1),(27,167,1),(27,179,1),(27,180,1),(27,282,0),(28,161,0),(28,193,1),(28,246,0),(29,59,1),(30,33,0),(31,45,0),(31,215,0),(32,32,1),(32,147,1),(33,174,1),(33,197,0),(33,279,1),(35,67,1),(35,125,1),(35,144,1),(36,65,1),(36,208,1),(37,70,1),(37,114,1),(37,128,0),(37,241,1),(37,270,0),(38,98,1),(38,115,1),(38,127,0),(38,150,1),(38,151,1),(38,219,1),(38,247,0),(39,89,1),(39,113,1),(39,149,1),(40,71,1),(40,84,0),(40,86,1),(40,108,0),(40,138,1),(40,191,1),(40,232,1),(40,296,0),(42,15,0),(42,29,1),(42,74,0),(42,83,0),(42,256,1),(42,291,0),(43,9,1),(43,103,0),(43,206,0),(44,170,1),(44,224,1),(44,249,0),(44,265,0),(45,46,0),(45,48,0),(45,275,1),(46,50,0),(46,78,1),(46,153,1),(47,7,1),(47,62,1),(47,64,0),(47,87,1),(47,192,0),(47,276,1),(48,205,0),(48,254,1),(49,145,1),(49,273,1),(49,277,1),(50,53,0),(50,135,1),(51,164,1),(51,203,0),(51,210,1),(51,226,1),(51,227,0),(51,239,0),(51,268,1),(52,35,0),(52,44,0),(52,57,0),(52,188,0),(52,230,0),(52,244,1),(52,283,1),(53,294,1),(54,11,1),(54,105,1),(54,134,0),(54,223,0),(54,253,1),(54,258,0),(54,287,0),(55,173,1),(55,286,0),(56,42,0),(56,80,1),(56,92,1),(56,146,0),(57,13,1),(58,25,1),(58,96,0),(58,110,1),(58,172,1),(58,269,1),(59,5,0),(59,85,0),(59,281,0),(60,121,1),(60,252,0),(61,169,1),(61,181,1),(62,106,0),(62,211,1),(62,235,1),(64,259,1),(65,23,0),(65,182,0),(66,209,0),(66,234,0),(67,104,1),(67,201,0),(67,233,0),(68,72,0),(68,79,0),(69,20,1),(70,49,1),(70,123,0),(71,260,1),(72,3,0),(72,163,1),(72,185,1),(72,264,1),(72,266,0),(72,288,0),(72,298,1),(73,126,0),(73,240,0),(74,26,0),(74,69,1),(74,99,0),(74,101,1),(74,229,0),(74,285,0),(75,14,1),(75,100,1),(76,16,0),(76,66,1),(76,90,1),(76,117,0),(76,250,0),(77,136,0),(78,54,0),(78,222,0),(79,155,0),(79,262,0),(80,12,0),(80,156,1),(80,157,0),(80,165,1),(81,37,0),(81,82,1),(81,124,1),(82,300,0),(83,278,0),(84,118,0),(84,132,1),(85,187,0),(85,295,1),(86,52,0),(86,77,0),(86,214,1),(86,238,0),(87,216,0),(87,248,1),(87,267,0),(88,36,0),(88,177,1),(89,160,0),(89,217,0),(89,225,1),(90,34,1),(90,107,1),(90,299,0),(91,1,1),(91,81,1),(92,6,1),(92,175,0),(92,280,0),(93,60,1),(93,73,1),(94,168,1),(94,200,0),(94,251,0),(94,272,1),(95,41,0),(96,111,1),(96,293,0),(97,10,0),(97,116,0),(97,141,1),(97,195,1),(98,38,0),(98,112,1),(98,152,0),(98,243,1),(98,245,0),(98,257,0),(99,55,0),(100,58,1);
INSERT INTO q_views VALUES (1,34,201),(2,84,202),(3,62,203),(4,33,204),(5,6,205),(6,93,206),(7,91,207),(8,45,208),(9,77,209),(10,15,210),(11,7,211),(12,97,212),(13,66,213),(14,17,214),(15,42,215),(16,98,216),(17,75,217),(18,25,218),(19,24,219),(20,6,220),(21,61,221),(22,76,222),(23,29,223),(24,98,224),(25,32,225),(26,20,226),(27,74,227),(28,53,228),(29,79,229),(30,59,230),(31,1,231),(32,13,232),(33,43,233),(34,63,234),(35,46,235),(36,49,236),(37,55,237),(38,36,238),(39,94,239),(40,32,240),(41,51,241),(42,100,242),(43,28,243),(44,17,244),(45,17,245),(46,70,246),(47,14,247),(48,91,248),(49,94,249),(50,38,250),(51,96,251),(52,55,252),(53,14,253),(54,25,254),(55,52,255),(56,45,256),(57,45,257),(58,25,258),(59,98,259),(60,24,260),(61,84,261),(62,99,262),(63,36,263),(64,26,264),(65,61,265),(66,81,266),(67,74,267),(68,15,268),(69,17,269),(70,67,270),(71,46,271),(72,68,272),(73,67,273),(74,74,274),(75,85,275),(76,83,276),(77,44,277),(78,99,278),(79,74,279),(80,38,280),(81,36,281),(82,69,282),(83,92,283),(84,50,284),(85,93,285),(86,43,286),(87,95,287),(88,38,288),(89,68,289),(90,92,290),(91,61,291),(92,52,292),(93,90,293),(94,96,294),(95,78,295),(96,51,296),(97,77,297),(98,51,298),(99,65,299),(100,94,300),(101,18,201),(102,11,202),(103,61,203),(104,85,204),(105,85,205),(106,46,206),(107,68,207),(108,28,208),(109,44,209),(110,41,210),(111,65,211),(112,80,212),(113,10,213),(114,57,214),(115,29,215),(116,3,216),(117,100,217),(118,23,218),(119,40,219),(120,68,220),(121,15,221),(122,100,222),(123,19,223),(124,5,224),(125,96,225),(126,96,226),(127,55,227),(128,72,228),(129,47,229),(130,20,230),(131,65,231),(132,65,232),(133,31,233),(134,26,234),(135,49,235),(136,15,236),(137,72,237),(138,17,238),(139,43,239),(140,15,240),(141,57,241),(142,8,242),(143,94,243),(144,66,244),(145,64,245),(146,23,246),(147,68,247),(148,63,248),(149,46,249),(150,7,250),(151,30,251),(152,60,252),(153,7,253),(154,49,254),(155,65,255),(156,2,256),(157,44,257),(158,19,258),(159,73,259),(160,90,260),(161,38,261),(162,38,262),(163,55,263),(164,69,264),(165,64,265),(166,3,266),(167,84,267),(168,35,268),(169,20,269),(170,26,270),(171,50,271),(172,76,272),(173,33,273),(174,44,274),(175,42,275),(176,97,276),(177,67,277),(178,10,278),(179,60,279),(180,12,280),(181,16,281),(182,89,282),(183,72,283),(184,23,284),(185,37,285),(186,36,286),(187,24,287),(188,81,288),(189,54,289),(190,97,290),(191,71,291),(192,92,292),(193,35,293),(194,25,294),(195,60,295),(196,98,296),(197,28,297),(198,43,298),(199,33,299),(200,47,300),(201,69,201),(202,83,202),(203,23,203),(204,2,204),(205,26,205),(206,64,206),(207,98,207),(208,92,208),(209,73,209),(210,57,210),(211,4,211),(212,89,212),(213,46,213),(214,75,214),(215,11,215),(216,83,216),(217,10,217),(218,34,218),(219,63,219),(220,64,220),(221,30,221),(222,33,222),(223,55,223),(224,65,224),(225,58,225),(226,15,226),(227,62,227),(228,85,228),(229,58,229),(230,95,230),(231,31,231),(232,26,232),(233,78,233),(234,53,234),(235,28,235),(236,3,236),(237,17,237),(238,26,238),(239,95,239),(240,89,240),(241,83,241),(242,99,242),(243,78,243),(244,28,244),(245,73,245),(246,88,246),(247,11,247),(248,82,248),(249,22,249),(250,74,250),(251,45,251),(252,52,252),(253,7,253),(254,100,254),(255,16,255),(256,64,256),(257,14,257),(258,78,258),(259,48,259),(260,71,260),(261,72,261),(262,79,262),(263,97,263),(264,49,264),(265,32,265),(266,24,266),(267,52,267),(268,49,268),(269,50,269),(270,47,270),(271,38,271),(272,32,272),(273,45,273),(274,15,274),(275,60,275),(276,17,276),(277,3,277),(278,70,278),(279,99,279),(280,24,280),(281,43,281),(282,44,282),(283,75,283),(284,50,284),(285,43,285),(286,91,286),(287,13,287),(288,57,288),(289,68,289),(290,61,290),(291,27,291),(292,40,292),(293,40,293),(294,24,294),(295,88,295),(296,72,296),(297,48,297),(298,40,298),(299,20,299),(300,97,300),(301,87,201),(302,57,202),(303,29,203),(304,31,204),(305,72,205),(306,88,206),(307,48,207),(308,74,208),(309,58,209),(310,47,210),(311,97,211),(312,1,212),(313,90,213),(314,72,214),(315,50,215),(316,32,216),(317,62,217),(318,62,218),(319,88,219),(320,29,220),(321,23,221),(322,15,222),(323,68,223),(324,63,224),(325,39,225),(326,56,226),(327,34,227),(328,86,228),(329,95,229),(330,54,230),(331,83,231),(332,81,232),(333,10,233),(334,11,234),(335,12,235),(336,82,236),(337,98,237),(338,59,238),(339,55,239),(340,55,240),(341,6,241),(342,51,242),(343,55,243),(344,95,244),(345,22,245),(346,4,246),(347,26,247),(348,83,248),(349,66,249),(350,14,250),(351,12,251),(352,89,252),(353,29,253),(354,79,254),(355,51,255),(356,67,256),(357,34,257),(358,85,258),(359,52,259),(360,29,260),(361,38,261),(362,35,262),(363,10,263),(364,48,264),(365,45,265),(366,21,266),(367,29,267),(368,43,268),(369,80,269),(370,84,270),(371,97,271),(372,85,272),(373,34,273),(374,52,274),(375,80,275),(376,56,276),(377,56,277),(378,6,278),(379,39,279),(380,22,280),(381,19,281),(382,50,282),(383,10,283),(384,47,284),(385,29,285),(386,61,286),(387,14,287),(388,63,288),(389,46,289),(390,65,290),(391,91,291),(392,84,292),(393,99,293),(394,1,294),(395,32,295),(396,44,296),(397,22,297),(398,61,298),(399,86,299),(400,2,300);
INSERT INTO question_likes VALUES (2,217,0),(2,252,1),(2,300,1),(3,254,1),(4,263,0),(5,247,0),(7,215,0),(7,277,1),(7,282,1),(10,285,0),(11,216,1),(12,212,0),(12,274,1),(13,286,1),(15,209,1),(16,284,1),(17,210,1),(18,234,1),(18,238,0),(20,211,1),(21,223,0),(22,219,1),(22,271,1),(23,228,0),(23,281,1),(25,279,0),(26,250,1),(26,258,0),(26,267,1),(28,276,0),(32,214,0),(32,264,0),(33,233,0),(33,273,1),(33,296,1),(35,241,0),(38,260,0),(38,292,0),(39,289,0),(39,297,1),(40,249,0),(41,226,0),(41,235,0),(43,257,1),(43,268,1),(44,218,0),(44,239,1),(45,266,0),(47,206,1),(47,280,1),(48,283,0),(50,208,1),(53,288,0),(54,293,0),(55,203,0),(60,202,0),(60,213,1),(62,205,1),(62,227,0),(62,262,1),(63,221,1),(63,224,1),(63,231,0),(63,269,0),(64,242,1),(65,237,0),(65,255,0),(67,232,0),(68,222,1),(69,295,1),(70,270,1),(71,201,1),(74,230,0),(75,204,1),(76,299,1),(77,207,1),(78,256,1),(79,240,0),(79,265,0),(83,251,1),(84,225,1),(86,220,1),(90,243,1),(91,291,1),(92,275,1),(93,287,1),(93,290,0),(94,253,0),(94,294,0),(95,236,0),(95,244,0),(95,298,1),(96,229,0),(96,245,1),(96,246,0),(97,248,0),(97,278,1),(98,272,1),(99,261,0),(100,259,1);
INSERT INTO question_suscribers VALUES (1,257,1),(1,293,0),(2,252,0),(3,244,1),(3,251,1),(4,279,1),(6,259,0),(6,282,1),(8,209,1),(9,237,0),(11,225,0),(11,243,0),(14,206,0),(14,278,1),(15,217,0),(16,300,0),(17,240,1),(19,219,0),(19,273,1),(22,263,0),(24,223,1),(25,264,1),(27,238,0),(27,254,0),(29,235,1),(30,287,0),(30,299,1),(31,205,0),(32,221,0),(32,270,1),(32,285,0),(33,288,1),(35,213,0),(35,228,0),(35,290,0),(36,203,1),(36,229,1),(36,245,1),(37,260,0),(38,239,0),(39,233,1),(40,224,1),(40,297,1),(41,202,0),(41,255,0),(42,210,1),(44,204,1),(44,272,0),(47,275,1),(48,227,0),(49,214,1),(50,201,0),(50,211,1),(50,248,1),(50,266,0),(50,280,0),(51,283,1),(53,220,0),(54,276,1),(60,231,1),(60,253,0),(60,284,0),(61,265,1),(61,296,1),(65,216,0),(65,292,1),(66,262,0),(68,208,1),(68,241,0),(68,247,0),(70,236,0),(70,249,1),(70,268,1),(70,291,1),(71,256,0),(74,215,1),(75,222,1),(75,226,1),(76,269,0),(79,289,0),(80,277,0),(83,298,1),(85,232,0),(85,246,0),(86,218,0),(86,250,0),(86,261,0),(86,271,1),(88,242,1),(88,258,1),(89,295,1),(91,294,1),(92,286,0),(94,267,0),(95,212,1),(95,234,0),(96,274,1),(98,207,1),(99,230,1),(100,281,1);



-- --------------------------------------------------------------------------------------------------------------------------
-- --------------------------------------------------------------------------------------------------------------------------

-- 6 - скрипты характерных выборок (включающие группировки, JOIN'ы, вложенные таблицы);




-- -- --  1 - найти лучшую статью за последний месяц 


SELECT * FROM 
(SELECT id FROM articles a WHERE TIMESTAMPDIFF(MONTH, created_at, NOW()) <= 1) t1
INNER JOIN 
(SELECT sum(evaluation) raiting, id_article FROM raiting_voiting_articles rva 
GROUP BY id_article ORDER BY raiting desc) t2
ON t1.id = t2.id_article
ORDER BY raiting DESC LIMIT 1;

-- -- -- 2 - вывести рейтинг компаний (нужно вывести их название и рейтинг в порядке убывания)

SELECT name, raiting
FROM company c INNER JOIN 
(SELECT sum(evaluation) raiting, company_id 
FROM raiting_voiting_company_blogs rvcb 
INNER JOIN company_blogs cb 
ON cb.id = rvcb.id_post 
GROUP BY company_id) rait
ON c.id = rait.company_id
ORDER BY raiting desc;

-- -- -- 3 - Составить рейтинг вопросов по популярности: сам вопрос + рейтинг в порядке убывания

-- Популярность определим по просмотрам + ответам + лайкам вопроса

SELECT question, rating 
FROM 
questions q
INNER JOIN 
(SELECT sum(rating) AS rating, question_id from
(SELECT sum(is_liked) AS rating, question_id FROM question_likes ql GROUP BY question_id
UNION ALL 
SELECT count(*) AS rating, question_id FROM q_views qv GROUP BY question_id
UNION ALL 
SELECT count(*) AS rating, question_id FROM answers GROUP BY question_id) T
GROUP BY T.question_id) T2
ON q.id = T2.question_id
ORDER BY rating DESC;


-- -- -- 4 
-- На habr Q есть такая таблица, где для каждой подкатегории вопросов показано, сколько вопросов 
-- было в ней задано. Сделать такую же таблицу для категорий (которых 7). Формат вывода:
-- название категории - количество вопросов

SELECT name, cnt
FROM category_articles ca
INNER JOIN 
(SELECT count(*) cnt, id_category FROM questions q2 INNER JOIN under_category_articles uca 
ON q2.id_under_category = uca.id GROUP BY id_category) T
ON ca.id = T.id_category
ORDER BY cnt desc;

-- -- -- 5 - для каждого пользователя вывести его email и названия всех свежих статей, 
-- которые могут быть ему интересны. Выводить только тех пользователей, которые согласились
-- на рассылку. Интересуют пользователи только с подтвержденным аккаунтом.
-- "свежими" будем считать статьи, вышедшие в течение последних 2х месяцев. 
-- итоговая таблица должна выглядеть так:
-- user_id  email 	name_article
-- 1  		aaaa@aa имя1
-- 1  		aaaa@aa имя2 ------- то есть для 1го id могут быть несколько записей.


SELECT user_id, email, name_article
FROM 
(SELECT user_id, email, under_category_articles_id FROM users_interests ui 
INNER JOIN 
(SELECT id, email FROM accounts a 
INNER JOIN profiles p
ON a.id = p.user_id 
WHERE a.if_confirmed = 1 AND p.wants_get_mailing_interesting_articles = 1) T 
ON ui.user_id = T.id) info_from_profiles
INNER JOIN 
(SELECT id_under_category, name AS name_article FROM articles a 
WHERE timestampdiff(MONTH, created_at, now()) <= 2) info_from_articles
ON info_from_profiles.under_category_articles_id = info_from_articles.id_under_category;


-- -- -- 6 - Вывести имя и фамилию пользователя, который лучше всех отвечает на вопросы.

SELECT name, surname FROM 
(SELECT id, name, surname 
FROM accounts a INNER JOIN profiles p ON a.id = p.user_id) Tprof
INNER JOIN 
(SELECT author_id, sum(raiting) AS raiting
FROM answers a2 INNER JOIN 
(SELECT answer_id, sum(is_liked) AS raiting FROM answers_likes al GROUP BY answer_id) T 
ON a2.id = T.answer_id
GROUP BY author_id) Trait 
ON Tprof.id = Trait.author_id
ORDER BY raiting DESC LIMIT 1;











































