-- MariaDB dump 10.17  Distrib 10.4.15-MariaDB, for Linux (x86_64)
--
-- Host: mysql.hostinger.ro    Database: u574849695_20
-- ------------------------------------------------------
-- Server version	10.4.15-MariaDB-cll-lve

/*!40101 SET @OLD_CHARACTER_SET_CLIENT=@@CHARACTER_SET_CLIENT */;
/*!40101 SET @OLD_CHARACTER_SET_RESULTS=@@CHARACTER_SET_RESULTS */;
/*!40101 SET @OLD_COLLATION_CONNECTION=@@COLLATION_CONNECTION */;
/*!40101 SET NAMES utf8mb4 */;
/*!40103 SET @OLD_TIME_ZONE=@@TIME_ZONE */;
/*!40103 SET TIME_ZONE='+00:00' */;
/*!40014 SET @OLD_UNIQUE_CHECKS=@@UNIQUE_CHECKS, UNIQUE_CHECKS=0 */;
/*!40014 SET @OLD_FOREIGN_KEY_CHECKS=@@FOREIGN_KEY_CHECKS, FOREIGN_KEY_CHECKS=0 */;
/*!40101 SET @OLD_SQL_MODE=@@SQL_MODE, SQL_MODE='NO_AUTO_VALUE_ON_ZERO' */;
/*!40111 SET @OLD_SQL_NOTES=@@SQL_NOTES, SQL_NOTES=0 */;

--
-- Table structure for table `communities`
--

DROP TABLE IF EXISTS `communities`;
/*!40101 SET @saved_cs_client     = @@character_set_client */;
/*!40101 SET character_set_client = utf8 */;
CREATE TABLE `communities` (
  `id` bigint(20) unsigned NOT NULL AUTO_INCREMENT,
  `name` varchar(145) COLLATE utf8mb4_unicode_ci NOT NULL,
  `description` varchar(245) COLLATE utf8mb4_unicode_ci DEFAULT NULL,
  `admin_id` bigint(20) unsigned NOT NULL,
  PRIMARY KEY (`id`),
  KEY `fk_communities_users_admin_idx` (`admin_id`),
  CONSTRAINT `fk_communities_users` FOREIGN KEY (`admin_id`) REFERENCES `users` (`id`)
) ENGINE=InnoDB AUTO_INCREMENT=101 DEFAULT CHARSET=utf8mb4 COLLATE=utf8mb4_unicode_ci;
/*!40101 SET character_set_client = @saved_cs_client */;

--
-- Dumping data for table `communities`
--

LOCK TABLES `communities` WRITE;
/*!40000 ALTER TABLE `communities` DISABLE KEYS */;
INSERT INTO `communities` VALUES (1,'Koelpin-Wolf','Nemo voluptas deleniti recusandae eaque et. Ex dolorem accusamus in ut adipisci rem voluptatibus. Tempora est reiciendis et ut. Aut eveniet aut et repellendus atque facilis nemo libero.',1),(2,'Mann, Quitzon and Wintheiser','Aliquid eum harum possimus aliquam. Sed asperiores iusto dolorem et quasi. Neque possimus voluptas praesentium aut.',2),(3,'Ernser, McGlynn and Schultz','Est porro quos et dolore rem et ad. Qui explicabo placeat eveniet impedit vitae esse. Non sit est similique amet impedit voluptates qui. Eveniet doloremque voluptas id doloremque ad nam eaque voluptate.',3),(4,'Strosin, Orn and Durgan','In in quas et sit ratione. Delectus dolore aut vitae facilis dolorem. Minus alias veritatis voluptate mollitia cupiditate officiis repellendus sapiente. Eum quo atque doloribus delectus quis tempore odio.',4),(5,'Dicki Group','Commodi consectetur soluta ipsa illum odio quo eaque. Itaque rerum suscipit sequi beatae laborum. Voluptas consequatur debitis asperiores labore placeat.',5),(6,'Sanford, Spinka and Kozey','Minima doloremque iste exercitationem est consequatur labore. Alias cumque aut consequuntur delectus quisquam temporibus perspiciatis eum. Commodi atque qui dolores.',6),(7,'Hilpert, Schamberger and Zemlak','Et id esse qui odio voluptatem. Voluptatem quia iure corrupti maxime excepturi. Consequuntur ipsum hic enim vel ea cupiditate quaerat. Praesentium omnis voluptas quidem adipisci.',7),(8,'Olson-Schroeder','Qui suscipit enim sint iste voluptatem aut et. Consequuntur dolorem vel dolores dolores. Quaerat cumque qui nam aut. At praesentium ut sint ut.',8),(9,'Rath Inc','Enim iste nihil ut omnis hic quis eos. Assumenda doloribus earum autem. Consequatur earum est dolorem perspiciatis totam asperiores odio.',9),(10,'Yost Inc','Voluptatibus sapiente hic doloribus est iste. Autem sint aut deleniti a in odit eveniet. Voluptas inventore numquam quas. Optio ea tenetur eligendi tempore voluptates odio deleniti.',10),(11,'Harvey-West','Ut exercitationem fugit officia nulla atque eaque. Itaque error ut maiores cum quae. Officiis aliquid distinctio molestiae eius. Cum rerum maxime iste est quos magnam tempora. Quam temporibus enim reiciendis sapiente aut eaque odit.',11),(12,'Abbott-Bashirian','Error esse ipsum id. Officiis nemo ducimus nobis quidem. Et veritatis inventore vero voluptatem veniam ut ab. Enim dolorem tenetur omnis sit omnis blanditiis laborum iste.',12),(13,'Beier and Sons','Odio qui omnis temporibus voluptates commodi nihil sed. Qui sunt dignissimos vel vel. Quidem nisi amet et impedit quia.',13),(14,'Bayer, Aufderhar and Littel','Ad eos est illo autem suscipit. Quo dolor cum quibusdam est ea quia. Architecto qui et non iure et.',14),(15,'Mills PLC','Omnis est nulla eaque consequatur quae. Aliquam qui eum odio ut aut. Tempora nulla nesciunt aut quo. Quaerat libero facere sed ipsa suscipit error.',15),(16,'Aufderhar, Breitenberg and Mills','Ad omnis commodi atque quo reiciendis aut. Atque et voluptate qui assumenda excepturi dolorem voluptate. Voluptatibus et quia est libero.',16),(17,'Powlowski Group','Iure molestiae a quasi ea reiciendis. Autem ipsa laudantium fugit facilis. Eius ea exercitationem pariatur quasi.',17),(18,'Nolan Ltd','Aut animi quisquam quia atque quia qui eaque et. Velit nisi quibusdam delectus id accusamus officiis. Aperiam quaerat tempora exercitationem perferendis consectetur tempore dolorem. Et voluptatibus tempore molestiae maxime quis et.',18),(19,'Rempel, Wiegand and Stanton','Ut velit quo voluptatum laboriosam quo pariatur facilis. Dolores et eos quo. Est ullam voluptas voluptatem saepe quidem.',19),(20,'Fay PLC','Quod est maiores aut et voluptatem numquam. Iusto dolore quo ea eos officiis veritatis doloribus nihil. Ex ut ducimus deleniti architecto qui laudantium.',20),(21,'Kuvalis-Adams','Rerum enim perferendis reprehenderit facilis est voluptas. Amet provident suscipit omnis consequatur eius mollitia. Adipisci magni cum id est nesciunt provident.',21),(22,'McKenzie-Heller','Consequatur labore aut magni et qui ab nemo vel. Quos nesciunt sint temporibus sit. Nihil quod non dolorem provident incidunt.',22),(23,'Spencer, Heathcote and Connelly','Deserunt in explicabo maiores ut minus. Ut et id consequatur facere provident sit saepe est.',23),(24,'Lesch, Carroll and Cassin','Ad molestias maiores quam ut at magni. Cumque at tempora aut ea iste nihil quisquam. Accusantium blanditiis molestiae sit sapiente quae quis. Molestiae soluta quos ut enim.',24),(25,'Maggio, Trantow and Mills','Velit incidunt nesciunt consequuntur. Sunt autem voluptatem qui quo aspernatur. Qui magni voluptatem at laborum porro quos. Deserunt asperiores voluptatum id dolorum.',25),(26,'Hahn, Langosh and Bartell','Et ex nemo sapiente laudantium laborum quaerat. Natus perferendis aspernatur incidunt fuga sit neque.',26),(27,'Hodkiewicz, Sawayn and Prohaska','Eum perspiciatis beatae ut ad quaerat tenetur. Velit et quibusdam fuga. Magni debitis commodi non sint sapiente veritatis magnam. Omnis dolor qui ut et asperiores officia quis.',27),(28,'Hauck and Sons','Quia harum dolore magnam at ad dolore. Consequatur molestias odit voluptas corporis eos modi vero. Exercitationem architecto consequatur ea totam blanditiis.',28),(29,'Walter, Hahn and Dicki','Natus distinctio aut vitae mollitia voluptas labore iure temporibus. Aut impedit quasi facere maiores nam ut blanditiis. Earum sunt consequatur aut unde et ratione. Quis et aut id.',29),(30,'Homenick-Hand','Doloremque quis optio sint dolorum aut. Sint ratione voluptatum laudantium quod in laborum. Voluptatibus ipsum sed ipsam quis aperiam.',30),(31,'Terry-McLaughlin','Aliquam nemo mollitia rem. Quos at nemo iure aspernatur et sit. Nihil aliquid sit magni. Ratione mollitia dolores numquam animi dolores. Aut quia aliquid ut facilis deserunt dicta.',31),(32,'Littel-Schoen','Hic fuga iste inventore sed. Sed et quasi explicabo saepe laudantium dolorum necessitatibus. Pariatur est aliquam pariatur reiciendis. Officiis voluptatem iste enim animi.',32),(33,'Cummerata and Sons','Ut commodi sequi possimus. Accusantium sit vel corrupti minima placeat. Inventore impedit quod adipisci id qui. Numquam dicta iste ipsum pariatur similique.',33),(34,'Block, Bayer and Ratke','Iste dolores est sint voluptatem. Eaque dolores ad dolorem in suscipit. Fugit atque quia facilis corrupti eum.',34),(35,'Klein-Murazik','Sint voluptatem eveniet placeat cupiditate. Ullam quo ad rem quasi ipsa. Ratione consequatur repellendus possimus voluptate placeat enim. Ratione ut minus ut facere delectus saepe dolorem.',35),(36,'Schroeder-Watsica','Nam velit dolor molestias praesentium explicabo. Accusamus ut nostrum odio non consequatur aspernatur quisquam non. Sint facilis aut neque voluptatibus.',36),(37,'Schimmel Ltd','Accusantium quasi eum iure eius unde. Veritatis voluptatem aut sapiente quaerat. Nam molestiae quis mollitia expedita. Harum expedita at aut occaecati consequatur.',37),(38,'Lueilwitz Inc','Dignissimos accusantium et voluptas laborum voluptates sunt. Dolorem aliquam explicabo ipsum omnis nostrum. Earum incidunt quia optio hic architecto alias ratione. Sit doloribus asperiores eum animi.',38),(39,'Hammes Ltd','Sed facere dolore sed excepturi error deleniti est. Architecto adipisci dolorum iure dicta consequatur qui. Suscipit sint totam ut odit nihil fugit est. Laborum laborum voluptas labore aut harum dolor.',39),(40,'Ondricka, Hyatt and Hyatt','Adipisci officia earum sequi rerum ut explicabo enim amet. Facere optio recusandae eum autem veritatis nihil. Est consequatur nesciunt dolores aut. Et ut corporis aut officiis.',40),(41,'Sanford Inc','Ea quibusdam reiciendis unde velit. Perferendis dolor et sint natus. Rerum non libero ut eveniet dolor corporis id.',41),(42,'Grant, Glover and Langosh','Sint eos qui earum enim maxime. Tempora voluptatem dolor eius fugit ut. Quis officiis minus soluta ut doloremque porro qui. Quia at dolore ipsum quos voluptatem est sit.',42),(43,'Bogisich, Nienow and Hegmann','Totam commodi eos repellat eum neque omnis nobis. Suscipit sed magnam neque officiis repellat laboriosam nisi. Eos aut quia et est eos quos.',43),(44,'Connelly-Schmeler','Officiis est ut et recusandae sed quasi. Rem aut numquam dolorum. Minima numquam illo deserunt dignissimos distinctio amet. Id autem ut animi rerum doloremque ducimus exercitationem.',44),(45,'Kilback Inc','Aliquam vel voluptatibus sit aliquid ut veniam. Sunt dolorem eum quia ut a dolorem. Reprehenderit voluptatem eius nesciunt tenetur nemo aut.',45),(46,'Heller-Bauch','Dolores aut odio ut omnis assumenda. Ipsum laboriosam aliquid praesentium saepe sunt ut. Ea culpa ut eum sed reprehenderit non omnis non.',46),(47,'Lesch, Quigley and O\'Keefe','Et cupiditate totam aut. A magnam dolore temporibus odit aut velit aut. Modi illum fugiat iste.',47),(48,'Kris-Halvorson','Dolorum repudiandae excepturi et. Id velit voluptas commodi ducimus. Cum dolor sed esse maiores voluptate doloribus est. Impedit sunt accusantium voluptas dignissimos voluptas ut.',48),(49,'Cole-Nitzsche','Nihil consequatur similique praesentium aut asperiores ab voluptatem quisquam. Quas et et reprehenderit ut. Commodi rem illum aut cum.',49),(50,'Rippin, Friesen and Barrows','Ut aperiam alias cum in rerum est. Ex id repudiandae eum. Rerum cupiditate possimus voluptatibus velit aut.',50),(51,'Rowe, Rowe and Mann','Voluptas soluta ducimus laborum accusantium perferendis in. Libero eum cupiditate illum delectus. Natus tenetur et dolorum et eum fuga officia eum.',51),(52,'Kunze, Hodkiewicz and Schoen','Eos itaque itaque aut ex. Qui ut rerum culpa et aperiam. Nihil eveniet nostrum quo id a.',52),(53,'Sanford, Wolff and Beahan','Neque sunt velit quo provident dolore. Libero ipsum ea corporis quaerat libero hic. Aut suscipit repudiandae quo quae quas ut. Quaerat qui necessitatibus autem saepe.',53),(54,'Fadel-Lindgren','Et occaecati repudiandae fuga consequuntur praesentium enim exercitationem facere. Molestias natus quis dicta. Laboriosam quaerat et iure sit dolores laborum excepturi. In consequuntur consequuntur nemo.',54),(55,'Berge, Muller and Wilderman','Libero dolor quia dolore. Facere porro asperiores ipsum suscipit esse ut. Odit et cum rerum sed voluptas. Quidem id sed sit velit temporibus.',55),(56,'Dach-Hansen','Molestiae repellendus sit quas atque eaque quia. Consequatur cum tempore eos fugiat aut ipsam.',56),(57,'Walter Ltd','Nisi est reiciendis magni ea. Nisi sit harum exercitationem excepturi minus ut quia. Voluptatem ut consequuntur porro qui aut nesciunt vel. Est iure labore illum tempora odit dolor labore.',57),(58,'Russel PLC','Eius quasi voluptas porro iure molestiae totam atque. Commodi reiciendis quaerat exercitationem molestias cupiditate. Deleniti consectetur asperiores dolorem sit ut veniam rerum dolore. Quo et cupiditate eos voluptatem minima et.',58),(59,'Cole, Howe and Schoen','Vel vel ut eos commodi consequuntur maiores. Impedit hic asperiores et voluptatem dolores rerum dignissimos. Eius placeat assumenda ex et voluptates.',59),(60,'McClure-Gulgowski','Labore rem cumque commodi et ea tempora voluptates. Et sed dicta maxime qui neque similique. Magni delectus cumque ut enim. Molestiae praesentium voluptatibus voluptas tenetur repellat iure et in.',60),(61,'Daugherty, Feeney and Klocko','Rerum cumque eos consequuntur nobis autem ex deserunt. Eligendi nisi provident autem et ullam aut doloribus. Quae non quia sed accusamus consequuntur officia quibusdam nulla.',61),(62,'Strosin PLC','Aspernatur exercitationem blanditiis voluptatibus qui nemo. Voluptatum autem modi voluptatibus non aperiam. Fuga vero impedit necessitatibus esse vel cum pariatur.',62),(63,'Zboncak, Becker and Cassin','Eveniet nulla est exercitationem natus recusandae praesentium officia. Ea vel et possimus et autem nemo. Fuga nobis officia nemo perspiciatis eligendi perferendis cum commodi. Suscipit corporis fuga laudantium quam dolor omnis exercitationem mod',63),(64,'Lang and Sons','Ut ullam nostrum ea accusamus non. Rerum eos totam hic aut vero accusamus. Ut sint doloremque magnam et ut id vero quasi.',64),(65,'Reichel Group','Atque deleniti sed commodi dolorem pariatur aut. Ad dolores quia sed nemo ut. Voluptatibus alias harum asperiores eaque sequi dolores. Tempore et minus rerum iste.',65),(66,'Rempel-Altenwerth','Maiores voluptatem et sint repellendus. Omnis aut voluptatibus illum recusandae sit illo. Deserunt qui quis ut sit fuga illum.',66),(67,'Carter, Leuschke and Wiza','Repellat at qui vitae sint. Qui dolores id sint beatae laudantium. Exercitationem non quod minus dolorem aut itaque tempora dolore. Sint molestiae pariatur aperiam ipsum.',67),(68,'Krajcik-Wisoky','Occaecati sapiente rerum aperiam voluptatum numquam. Rerum quas deleniti eligendi ut nobis quisquam. Sint expedita assumenda et amet qui excepturi laudantium. Ipsam nesciunt autem aut sint asperiores.',68),(69,'Gerhold, Sawayn and Rippin','Animi eos fugiat distinctio alias. Labore quisquam dolorem corporis laborum quo facilis sed. Fuga quis omnis esse numquam.',69),(70,'Anderson Group','Placeat dolores ut qui tenetur fuga nisi. Hic est fugiat laboriosam. Architecto nam laudantium vel adipisci sit laudantium totam. Quis dolorum cum sed iste.',70),(71,'Hand Group','Vel rem dolorem facilis et maiores eos. Nesciunt iste repellendus rerum est nesciunt sed. Iste eos id provident facere.',71),(72,'Willms-Spinka','Perspiciatis ipsum qui aut consectetur. Itaque tempore quo voluptatibus. Quas ut sunt optio accusantium ea quisquam et. Vel aut quisquam dolore repudiandae.',72),(73,'Bartell, Steuber and Rolfson','Et molestias rem aut voluptas et nihil. Excepturi in doloribus ut sed.',73),(74,'Watsica, Yundt and Powlowski','Aut deserunt illo eos error. Possimus vel et autem optio dolores laborum. Saepe alias eius eum vitae ipsa libero.',74),(75,'Wolf Group','Accusantium sit aut necessitatibus officiis sed. Omnis expedita nulla numquam sunt voluptas odit et odio. Maiores est iste itaque tenetur animi enim. Quam nam tempore voluptatem.',75),(76,'Keeling Ltd','Est voluptates deserunt et quaerat sit. Fuga neque dicta dignissimos qui tempora at. Reprehenderit veniam molestiae molestiae dolore quam qui.',76),(77,'O\'Keefe, Blick and Connelly','Eaque et eaque beatae velit ut. Ducimus velit sint consequuntur enim cum repudiandae eveniet. Quis quo soluta odit accusantium nihil. Eos adipisci quod sit necessitatibus similique et et.',77),(78,'Collins-Nitzsche','Atque eum asperiores totam in deleniti et quas iure. Aliquid ut neque sapiente ut veritatis. Voluptas qui est veniam eum explicabo placeat aliquam architecto.',78),(79,'Rodriguez-Murphy','Nisi molestiae enim rerum occaecati error sint. Qui nihil et quaerat nulla aut sapiente aut. Similique officiis itaque temporibus labore a repellendus.',79),(80,'Christiansen-Ratke','Dolore voluptas culpa necessitatibus reiciendis neque nihil reprehenderit voluptatem. Aut suscipit non porro sed fugiat saepe delectus. Occaecati quos molestiae molestias adipisci mollitia quae optio. Aperiam itaque ut impedit beatae iusto.',80),(81,'Kreiger PLC','Atque architecto consequatur necessitatibus dolores occaecati molestiae. Officia est officiis perspiciatis et aut. Quos non dolore consequatur qui voluptatem. Saepe corporis sit doloremque sed autem nihil at non. Atque id autem et et et saepe ul',81),(82,'Dach, Braun and Parisian','Quisquam est et voluptatem error ducimus. Et quia quae doloribus dolor. Eligendi et voluptatem ratione laborum non occaecati.',82),(83,'Hahn-Greenfelder','Ut ut porro veritatis occaecati quia vel. Sed ut nesciunt rerum. Nam qui perspiciatis ea harum ab.',83),(84,'King-Runolfsdottir','Fugit ducimus eos aliquid. Mollitia nemo dicta vel eaque id. Voluptate iure vitae quisquam sit ipsum in accusantium. Eum nam ipsam quia iure soluta omnis.',84),(85,'Bogisich, Gutkowski and Fadel','Consequatur facilis beatae id perspiciatis quae et ratione ea. Sint eius accusantium officia sed quod ipsa inventore quis. Cum qui pariatur quo numquam et et.',85),(86,'Schmitt, Sipes and Cronin','Suscipit tempora assumenda a et vitae ut totam. Iste impedit error autem nemo amet qui.',86),(87,'Rosenbaum-Stokes','Consequatur id et officia. Ad qui cupiditate aspernatur voluptate eligendi debitis aut.',87),(88,'Donnelly, Bruen and Balistreri','Vel ut consequatur eveniet. Culpa rerum et voluptatem. Fuga exercitationem dolores et nobis. Consequatur numquam provident eligendi autem id libero officia. Sunt et tempora dolores esse quasi deserunt.',88),(89,'Krajcik PLC','Occaecati minima quia autem unde totam iusto id ipsa. Eum doloribus error quo magni sit et. Cupiditate voluptas qui sed doloremque voluptate ipsa. Adipisci asperiores veritatis nihil sit sequi corporis.',89),(90,'Walsh, Hagenes and Kautzer','Praesentium omnis consequuntur inventore. Consequatur quos facere voluptate vitae saepe sapiente a et. Iusto aut nihil cumque non omnis.',90),(91,'Casper-Rogahn','Quidem est saepe dolore nihil nam. Aut porro distinctio dignissimos soluta. Eius voluptates dolor aut consequatur.',91),(92,'Durgan, Oberbrunner and Reilly','Rerum dolorem aut numquam ipsa velit. Quo eligendi aut occaecati est. Quia tempore consequatur qui necessitatibus quibusdam.',92),(93,'Hermann and Sons','Perferendis in voluptas omnis aut. Natus sed commodi enim ut aut ut tenetur dolorum. Et libero non voluptates quis.',93),(94,'Jerde-Braun','Repellendus voluptatem repudiandae laboriosam sit quo ut non repellat. Vero voluptas eum voluptatem maiores voluptates ab nihil. Eum itaque voluptatem qui architecto hic reiciendis sapiente.',94),(95,'Cormier LLC','Dolor ratione quidem quae placeat id rerum dolor. Nesciunt in nulla iusto quidem omnis natus. Doloremque voluptas nemo laudantium est et perferendis sapiente.',95),(96,'Price-Kuphal','Eum quas nostrum qui voluptas. Ab aut autem itaque autem ut eveniet a deleniti. Autem deserunt eum quasi sit non. Optio magnam illum veniam perferendis dignissimos nemo totam ut.',96),(97,'Wilkinson-Dickinson','Ut et illum aliquid aut quam. Vitae iste est voluptatem ea exercitationem quam quia. Rerum et autem voluptatem magnam magnam a dolore.',97),(98,'Swaniawski-Walsh','Quia quasi aut distinctio nisi repellat. Qui maiores vero est ut iste quos est. Aut praesentium facilis deserunt et fugiat consequatur. Mollitia quia sapiente dolores dicta quia tenetur itaque laborum. Soluta optio sed fugiat quam rerum.',98),(99,'Turner, Gleason and Medhurst','Aspernatur fuga doloremque commodi. Quasi quo soluta voluptatem iusto. Iure aut aliquid sed aut soluta quibusdam aut. Dolor sunt excepturi ea optio sapiente voluptas architecto.',99),(100,'Boyle, Cruickshank and Collins','Tempora rerum consequatur neque consequatur in qui doloremque. Magni harum quibusdam et quaerat. Incidunt sed et quis voluptate mollitia harum. Eos quidem similique ipsa repudiandae nihil. Cupiditate dignissimos inventore maxime facere.',100);
/*!40000 ALTER TABLE `communities` ENABLE KEYS */;
UNLOCK TABLES;

--
-- Table structure for table `communities_users`
--

DROP TABLE IF EXISTS `communities_users`;
/*!40101 SET @saved_cs_client     = @@character_set_client */;
/*!40101 SET character_set_client = utf8 */;
CREATE TABLE `communities_users` (
  `community_id` bigint(20) unsigned NOT NULL,
  `user_id` bigint(20) unsigned NOT NULL,
  `created_at` datetime NOT NULL DEFAULT current_timestamp(),
  PRIMARY KEY (`community_id`,`user_id`),
  KEY `fk_communities_users_comm_idx` (`community_id`),
  KEY `fk_communities_users_users_idx` (`user_id`),
  CONSTRAINT `fk_communities_users_comm` FOREIGN KEY (`community_id`) REFERENCES `communities` (`id`),
  CONSTRAINT `fk_communities_users_users` FOREIGN KEY (`user_id`) REFERENCES `users` (`id`)
) ENGINE=InnoDB DEFAULT CHARSET=utf8mb4 COLLATE=utf8mb4_unicode_ci;
/*!40101 SET character_set_client = @saved_cs_client */;

--
-- Dumping data for table `communities_users`
--

LOCK TABLES `communities_users` WRITE;
/*!40000 ALTER TABLE `communities_users` DISABLE KEYS */;
INSERT INTO `communities_users` VALUES (1,1,'2014-04-23 19:18:39'),(2,2,'2013-02-26 06:41:09'),(3,3,'2010-07-20 14:58:33'),(4,4,'2014-05-16 04:55:38'),(5,5,'2001-07-30 14:53:33'),(6,6,'2020-01-29 11:52:59'),(7,7,'2013-11-12 21:37:56'),(8,8,'1991-05-14 16:35:20'),(9,9,'1971-08-06 08:55:35'),(10,10,'1992-05-22 18:01:08'),(11,11,'2000-11-08 06:27:59'),(12,12,'1989-06-03 15:07:35'),(13,13,'1976-04-30 07:47:41'),(14,14,'2001-03-02 05:34:52'),(15,15,'2019-06-04 02:47:16'),(16,16,'1997-03-05 11:06:27'),(17,17,'2002-09-15 16:38:30'),(18,18,'1992-02-13 18:10:23'),(19,19,'2003-12-09 18:22:46'),(20,20,'1978-12-28 23:05:53'),(21,21,'2012-12-21 04:16:14'),(22,22,'2017-10-06 09:21:41'),(23,23,'1989-10-19 19:38:54'),(24,24,'1994-01-31 01:25:21'),(25,25,'2004-10-17 04:39:53'),(26,26,'1998-05-24 23:48:18'),(27,27,'1983-04-03 09:04:58'),(28,28,'1987-04-09 02:12:37'),(29,29,'1975-02-09 19:32:52'),(30,30,'2010-10-09 13:55:35'),(31,31,'2001-09-25 16:22:17'),(32,32,'2009-10-21 02:22:21'),(33,33,'2008-04-26 11:59:45'),(34,34,'1975-02-09 18:39:33'),(35,35,'2010-05-30 14:28:29'),(36,36,'2001-06-06 18:47:33'),(37,37,'1970-08-21 12:30:07'),(38,38,'2002-10-15 17:20:39'),(39,39,'2000-07-17 00:39:38'),(40,40,'2014-05-18 11:09:20'),(41,41,'2020-12-07 10:17:21'),(42,42,'2016-12-13 08:53:56'),(43,43,'1976-03-14 23:21:20'),(44,44,'1998-11-21 03:43:19'),(45,45,'2000-12-15 14:12:53'),(46,46,'1999-04-20 21:48:29'),(47,47,'1998-09-09 23:51:34'),(48,48,'1973-04-18 14:01:08'),(49,49,'2017-12-04 06:21:10'),(50,50,'1987-11-12 07:02:15'),(51,51,'1975-08-11 10:34:48'),(52,52,'2017-04-22 08:39:10'),(53,53,'1981-12-13 09:57:43'),(54,54,'1986-05-21 07:48:54'),(55,55,'1990-09-12 05:39:04'),(56,56,'1992-10-24 07:58:35'),(57,57,'2013-08-08 05:14:12'),(58,58,'2021-01-13 17:06:07'),(59,59,'1996-09-12 16:35:55'),(60,60,'2016-05-20 12:47:34'),(61,61,'2006-11-01 20:33:50'),(62,62,'1973-11-08 03:54:43'),(63,63,'2011-01-10 09:11:47'),(64,64,'1980-05-09 06:02:05'),(65,65,'1971-05-24 09:08:47'),(66,66,'1974-10-23 10:27:12'),(67,67,'1977-06-10 17:25:48'),(68,68,'1998-06-14 22:40:53'),(69,69,'2014-12-21 06:16:36'),(70,70,'2003-07-17 07:34:07'),(71,71,'1971-07-27 06:00:41'),(72,72,'2009-03-04 11:21:18'),(73,73,'2000-06-03 20:36:51'),(74,74,'1994-11-21 12:51:13'),(75,75,'1982-02-12 06:59:00'),(76,76,'1978-02-04 13:18:54'),(77,77,'1972-04-11 04:33:31'),(78,78,'1974-07-24 11:04:38'),(79,79,'2002-06-23 02:33:12'),(80,80,'1970-10-25 06:35:38'),(81,81,'1983-05-07 10:04:51'),(82,82,'1997-10-15 16:03:21'),(83,83,'1997-05-13 06:15:03'),(84,84,'2014-09-30 15:14:56'),(85,85,'2018-10-16 02:38:37'),(86,86,'2004-02-17 13:17:34'),(87,87,'2010-01-16 19:33:43'),(88,88,'2011-06-22 13:12:09'),(89,89,'1970-09-24 00:50:33'),(90,90,'1980-09-08 09:07:48'),(91,91,'1982-02-03 09:12:52'),(92,92,'1989-12-26 14:33:11'),(93,93,'1991-08-04 16:36:48'),(94,94,'2006-07-21 00:36:53'),(95,95,'2019-06-02 15:14:00'),(96,96,'1997-09-22 19:26:01'),(97,97,'1976-06-27 07:18:04'),(98,98,'1973-02-14 05:48:44'),(99,99,'2007-02-21 17:33:01'),(100,100,'1982-08-28 15:48:52');
/*!40000 ALTER TABLE `communities_users` ENABLE KEYS */;
UNLOCK TABLES;

--
-- Table structure for table `friend_requests`
--

DROP TABLE IF EXISTS `friend_requests`;
/*!40101 SET @saved_cs_client     = @@character_set_client */;
/*!40101 SET character_set_client = utf8 */;
CREATE TABLE `friend_requests` (
  `from_user_id` bigint(20) unsigned NOT NULL,
  `to_user_id` bigint(20) unsigned NOT NULL,
  `accepted` tinyint(1) DEFAULT 0,
  `created_at` datetime DEFAULT current_timestamp(),
  `updated_at` datetime DEFAULT NULL ON UPDATE current_timestamp(),
  PRIMARY KEY (`from_user_id`,`to_user_id`),
  KEY `fk_friend_requests_from_user_idx` (`from_user_id`),
  KEY `fk_friend_requests_to_user_idx` (`to_user_id`),
  CONSTRAINT `fk_friend_requests_users_1` FOREIGN KEY (`from_user_id`) REFERENCES `users` (`id`),
  CONSTRAINT `fk_friend_requests_users_2` FOREIGN KEY (`to_user_id`) REFERENCES `users` (`id`)
) ENGINE=InnoDB DEFAULT CHARSET=utf8mb4 COLLATE=utf8mb4_unicode_ci;
/*!40101 SET character_set_client = @saved_cs_client */;

--
-- Dumping data for table `friend_requests`
--

LOCK TABLES `friend_requests` WRITE;
/*!40000 ALTER TABLE `friend_requests` DISABLE KEYS */;
INSERT INTO `friend_requests` VALUES (1,1,0,'1997-07-08 02:58:27','2020-05-12 05:50:54'),(2,2,0,'1991-12-27 04:34:10','1983-04-30 21:37:29'),(3,3,0,'2020-05-21 03:24:01','2006-09-01 00:26:44'),(4,4,0,'2000-11-22 12:57:51','1989-12-12 21:22:53'),(5,5,0,'1988-10-06 15:50:17','2000-12-11 06:19:19'),(6,6,0,'1976-11-15 12:27:32','1989-09-28 07:41:19'),(7,7,0,'2001-03-27 09:43:29','2000-02-01 13:59:32'),(8,8,0,'1973-01-25 12:59:40','1977-07-22 05:54:55'),(9,9,0,'1975-07-04 09:58:29','1980-05-08 15:33:37'),(10,10,0,'1993-09-06 22:04:48','2020-11-13 07:50:15'),(11,11,0,'1986-10-11 07:01:00','1985-05-31 16:06:31'),(12,12,0,'2013-10-06 03:45:34','1981-07-18 07:52:37'),(13,13,0,'1993-12-08 06:55:28','1982-03-17 08:42:26'),(14,14,0,'2002-12-15 23:43:56','1987-05-12 04:57:41'),(15,15,0,'1993-03-10 22:44:58','2005-10-21 06:26:27'),(16,16,0,'1982-11-10 21:18:26','1993-05-16 18:34:28'),(17,17,0,'2010-08-03 01:33:53','2005-12-03 07:29:53'),(18,18,0,'1997-12-26 20:14:22','1994-05-16 23:01:16'),(19,19,0,'1985-12-22 02:19:58','2018-11-10 00:02:30'),(20,20,0,'1974-11-17 01:40:05','1977-02-27 13:04:58'),(21,21,0,'1976-01-28 02:51:02','1993-04-03 01:34:01'),(22,22,0,'1989-11-08 16:32:20','2002-01-27 13:04:50'),(23,23,0,'1993-10-19 00:18:26','1973-09-20 04:48:52'),(24,24,0,'1976-03-26 10:52:10','2013-03-10 15:45:12'),(25,25,0,'1998-07-01 23:18:30','1980-08-10 19:20:52'),(26,26,0,'2016-06-07 09:49:34','2021-02-02 10:36:51'),(27,27,0,'1995-06-22 08:00:07','2020-03-17 07:49:53'),(28,28,0,'2016-08-29 03:36:02','2006-09-11 19:54:50'),(29,29,0,'1973-12-29 00:28:52','1974-03-08 14:55:37'),(30,30,0,'2004-05-06 10:36:52','1975-08-29 05:46:56'),(31,31,0,'2016-03-04 12:28:26','2014-09-22 17:47:08'),(32,32,0,'2003-07-11 02:19:20','1995-01-07 00:33:43'),(33,33,0,'2016-12-15 19:23:25','2010-11-23 16:46:02'),(34,34,0,'1984-07-19 12:42:38','1970-02-20 17:21:52'),(35,35,0,'1988-08-16 22:23:51','1985-08-02 18:56:21'),(36,36,0,'2008-08-09 10:57:39','1999-08-30 01:13:37'),(37,37,0,'1997-07-24 15:05:20','1980-08-25 22:36:57'),(38,38,0,'1985-09-28 03:37:25','1972-02-17 13:41:34'),(39,39,0,'2016-07-11 07:11:32','1971-07-28 19:42:45'),(40,40,0,'2020-09-19 05:43:49','2009-12-26 17:23:27'),(41,41,0,'1994-10-07 19:10:09','2006-06-08 13:56:24'),(42,42,0,'1979-08-29 17:29:51','1995-03-26 01:03:36'),(43,43,0,'2004-03-08 03:43:00','2008-01-29 10:16:35'),(44,44,0,'2018-11-26 04:43:52','1981-08-29 18:31:19'),(45,45,0,'1983-04-12 08:08:24','1991-08-01 13:19:19'),(46,46,0,'1978-11-22 17:15:29','1996-02-06 17:41:24'),(47,47,0,'2019-03-13 07:20:54','2001-07-22 00:32:14'),(48,48,0,'2018-07-21 13:47:50','2017-01-17 23:44:55'),(49,49,0,'1978-01-22 10:11:21','2002-08-22 06:51:42'),(50,50,0,'1979-07-17 20:01:25','1986-02-28 19:29:12'),(51,51,0,'2018-07-31 16:23:42','2012-03-07 16:29:01'),(52,52,0,'2003-10-27 22:00:05','2009-08-09 22:18:10'),(53,53,0,'2009-11-08 22:26:23','2017-12-07 04:05:49'),(54,54,0,'2014-06-19 09:03:25','2006-11-30 06:29:40'),(55,55,0,'1976-07-11 10:16:48','2019-02-06 17:54:49'),(56,56,0,'2000-10-03 15:18:51','1970-01-20 11:01:05'),(57,57,0,'1991-02-19 13:56:02','1980-08-11 21:41:13'),(58,58,0,'2012-09-19 21:10:47','2017-11-22 18:20:32'),(59,59,0,'1999-11-26 04:26:08','1974-07-03 13:56:02'),(60,60,0,'1971-03-12 02:08:39','1982-07-26 16:21:38'),(61,61,0,'1979-03-23 09:22:05','1971-05-28 06:07:24'),(62,62,0,'1995-03-15 13:39:04','1995-03-10 13:43:00'),(63,63,0,'1983-03-20 01:28:36','2017-03-09 03:49:55'),(64,64,0,'1985-05-13 05:44:11','1985-11-24 02:56:43'),(65,65,0,'2004-02-01 08:57:32','2009-01-26 04:45:34'),(66,66,0,'1994-09-10 11:19:03','1987-03-31 07:01:24'),(67,67,0,'2006-05-07 10:09:20','2002-12-11 04:57:47'),(68,68,0,'1995-07-05 19:42:40','2015-01-31 14:25:25'),(69,69,0,'1992-08-02 05:25:54','1972-02-28 14:22:50'),(70,70,0,'2007-05-08 00:20:03','1973-02-26 02:46:19'),(71,71,0,'2015-05-15 12:15:51','1980-08-14 05:35:44'),(72,72,0,'2005-03-24 03:33:13','1996-07-08 02:20:22'),(73,73,0,'1994-04-12 23:49:13','1973-01-24 14:26:21'),(74,74,0,'1994-08-25 03:42:09','1993-02-04 13:37:21'),(75,75,0,'2018-05-23 13:29:34','1984-04-08 08:01:52'),(76,76,0,'1980-11-12 18:47:45','1982-12-02 10:45:00'),(77,77,0,'1991-03-07 04:51:35','2001-07-31 20:23:38'),(78,78,0,'2009-07-07 11:05:27','1970-06-22 01:22:10'),(79,79,0,'1972-02-10 21:37:45','2008-06-19 15:36:44'),(80,80,0,'1973-02-02 12:22:22','1987-04-13 17:00:35'),(81,81,0,'1996-01-17 10:28:30','2001-07-03 08:59:30'),(82,82,0,'2006-09-05 03:48:35','1978-10-20 02:11:48'),(83,83,0,'2003-06-11 01:00:25','1976-10-18 19:11:05'),(84,84,0,'2009-04-22 07:10:41','1971-07-29 06:49:32'),(85,85,0,'1982-11-07 18:44:23','2018-09-07 20:25:34'),(86,86,0,'1988-04-24 07:55:14','1973-03-30 07:11:01'),(87,87,0,'1970-09-02 00:42:35','1976-01-15 23:19:53'),(88,88,0,'1992-02-08 17:17:09','2006-09-01 22:08:53'),(89,89,0,'2012-05-10 03:56:45','1974-06-05 04:42:19'),(90,90,0,'2009-06-23 15:16:07','1974-10-31 20:01:16'),(91,91,0,'2010-05-20 21:48:51','1984-11-16 15:20:23'),(92,92,0,'1989-10-24 20:30:59','2007-08-26 23:38:48'),(93,93,0,'1979-03-01 05:20:09','2019-11-08 20:56:51'),(94,94,0,'2007-09-26 15:55:26','1988-07-24 08:33:28'),(95,95,0,'2020-11-01 16:19:50','2019-10-27 05:08:42'),(96,96,0,'1978-01-20 13:33:42','2012-02-10 01:35:35'),(97,97,0,'1992-10-07 11:58:05','1989-10-03 05:07:27'),(98,98,0,'2018-10-27 19:48:22','2011-02-08 17:45:58'),(99,99,0,'1981-12-11 02:22:31','1986-09-20 14:59:04'),(100,100,0,'1973-05-15 10:35:27','1981-07-17 14:33:36');
/*!40000 ALTER TABLE `friend_requests` ENABLE KEYS */;
UNLOCK TABLES;

--
-- Table structure for table `media`
--

DROP TABLE IF EXISTS `media`;
/*!40101 SET @saved_cs_client     = @@character_set_client */;
/*!40101 SET character_set_client = utf8 */;
CREATE TABLE `media` (
  `id` bigint(20) unsigned NOT NULL AUTO_INCREMENT,
  `user_id` bigint(20) unsigned NOT NULL,
  `media_types_id` int(10) unsigned NOT NULL,
  `file_name` varchar(245) COLLATE utf8mb4_unicode_ci DEFAULT NULL COMMENT '/files/folder/img.png',
  `file_size` bigint(20) DEFAULT NULL,
  `created_at` datetime NOT NULL DEFAULT current_timestamp(),
  PRIMARY KEY (`id`),
  KEY `fk_media_media_types_idx` (`media_types_id`),
  KEY `fk_media_users_idx` (`user_id`),
  CONSTRAINT `fk_media_media_types` FOREIGN KEY (`media_types_id`) REFERENCES `media_types` (`id`),
  CONSTRAINT `fk_media_users` FOREIGN KEY (`user_id`) REFERENCES `users` (`id`)
) ENGINE=InnoDB AUTO_INCREMENT=101 DEFAULT CHARSET=utf8mb4 COLLATE=utf8mb4_unicode_ci;
/*!40101 SET character_set_client = @saved_cs_client */;

--
-- Dumping data for table `media`
--

LOCK TABLES `media` WRITE;
/*!40000 ALTER TABLE `media` DISABLE KEYS */;
INSERT INTO `media` VALUES (1,1,1,'dolores',853787,'2017-07-10 20:48:50'),(2,2,2,'repellat',8,'2018-02-21 12:46:59'),(3,3,3,'minima',0,'2004-11-11 12:50:37'),(4,4,4,'distinctio',60568045,'2010-08-02 12:38:49'),(5,5,1,'deleniti',600092793,'2007-02-23 04:51:33'),(6,6,2,'et',96283708,'1988-03-26 03:36:35'),(7,7,3,'delectus',17,'1971-02-10 18:42:36'),(8,8,4,'est',71422,'1985-04-12 05:54:06'),(9,9,1,'tempora',8992846,'2017-03-31 21:14:32'),(10,10,2,'maxime',0,'2009-10-24 04:16:16'),(11,11,3,'voluptas',6024,'1990-12-26 19:16:30'),(12,12,4,'et',5620599,'1987-01-22 21:13:43'),(13,13,1,'assumenda',0,'2006-07-20 16:49:16'),(14,14,2,'et',6,'2018-01-01 21:05:16'),(15,15,3,'dolores',81,'1986-05-06 21:19:07'),(16,16,4,'alias',2223,'1999-06-03 15:01:34'),(17,17,1,'quaerat',0,'2012-06-20 15:46:58'),(18,18,2,'nihil',87918650,'2019-11-17 07:00:19'),(19,19,3,'voluptas',32,'2006-09-15 02:53:51'),(20,20,4,'aliquid',116785073,'1973-10-24 06:20:18'),(21,21,1,'magni',5665,'1999-02-19 22:01:34'),(22,22,2,'et',615610,'1992-03-09 12:24:47'),(23,23,3,'quia',20805,'1974-11-26 10:23:28'),(24,24,4,'praesentium',264271825,'1975-03-14 06:01:51'),(25,25,1,'hic',93817761,'2018-01-11 22:18:06'),(26,26,2,'unde',5164106,'1988-06-16 04:55:26'),(27,27,3,'nesciunt',3,'1997-05-19 07:19:15'),(28,28,4,'ut',838738,'2000-10-30 23:03:00'),(29,29,1,'aperiam',3122,'1985-11-15 19:06:32'),(30,30,2,'quasi',0,'2005-09-18 18:17:45'),(31,31,3,'vero',0,'1981-05-13 16:48:15'),(32,32,4,'sed',4,'2013-02-12 20:34:49'),(33,33,1,'assumenda',96,'1986-08-24 07:15:10'),(34,34,2,'facere',77586,'2004-05-12 15:12:17'),(35,35,3,'harum',5305942,'2017-05-25 09:39:49'),(36,36,4,'perferendis',1,'2018-12-16 01:51:54'),(37,37,1,'nisi',676,'1982-10-03 15:25:46'),(38,38,2,'itaque',862,'1989-10-23 05:13:43'),(39,39,3,'ut',9,'1987-06-26 08:08:35'),(40,40,4,'accusamus',996013,'2018-10-15 09:47:04'),(41,41,1,'dolores',846675,'2001-06-25 04:56:05'),(42,42,2,'recusandae',779924471,'1985-04-22 02:42:16'),(43,43,3,'nihil',0,'2018-09-01 05:15:45'),(44,44,4,'ut',283,'2013-09-24 08:58:58'),(45,45,1,'sapiente',168646689,'2006-09-20 06:20:36'),(46,46,2,'aut',360335805,'2007-09-08 22:32:41'),(47,47,3,'sed',897,'1992-02-21 00:18:18'),(48,48,4,'molestias',703199536,'1977-04-12 01:10:26'),(49,49,1,'occaecati',223830939,'2020-11-29 03:47:32'),(50,50,2,'voluptas',2,'1977-12-24 19:24:37'),(51,51,3,'sed',0,'2002-01-04 08:58:59'),(52,52,4,'optio',2,'1982-07-16 15:46:18'),(53,53,1,'est',676075753,'1988-08-08 08:00:36'),(54,54,2,'amet',3834,'1995-08-07 05:14:53'),(55,55,3,'non',897,'1974-09-25 01:23:36'),(56,56,4,'officiis',5703828,'1997-01-01 13:58:58'),(57,57,1,'nam',18399685,'1987-12-29 06:43:20'),(58,58,2,'et',77581,'2011-02-10 16:53:44'),(59,59,3,'inventore',905,'1993-08-28 13:14:01'),(60,60,4,'numquam',10987076,'1987-09-20 21:36:45'),(61,61,1,'neque',308,'1972-02-13 03:36:11'),(62,62,2,'eos',93,'1993-02-01 15:15:02'),(63,63,3,'maxime',350384,'2020-03-28 01:30:20'),(64,64,4,'ut',99,'2008-03-12 00:12:31'),(65,65,1,'explicabo',20,'2015-06-02 05:18:32'),(66,66,2,'in',0,'1977-04-23 11:34:08'),(67,67,3,'qui',98946651,'1992-03-04 13:40:15'),(68,68,4,'praesentium',5399,'1989-05-30 02:31:37'),(69,69,1,'sed',8587,'2003-10-02 22:25:42'),(70,70,2,'corrupti',597,'2004-11-19 18:27:49'),(71,71,3,'maiores',38,'1979-01-30 09:52:43'),(72,72,4,'sunt',419943057,'1992-05-10 19:48:06'),(73,73,1,'in',54,'1980-06-14 12:38:13'),(74,74,2,'autem',1270,'2004-01-12 14:46:40'),(75,75,3,'aut',9,'1991-04-17 12:32:43'),(76,76,4,'officia',3,'2019-02-24 14:43:51'),(77,77,1,'mollitia',97361,'2016-09-22 15:14:16'),(78,78,2,'suscipit',4800071,'2006-03-11 07:15:44'),(79,79,3,'est',3708,'2000-11-21 02:23:43'),(80,80,4,'assumenda',85206544,'1994-11-28 19:13:21'),(81,81,1,'nesciunt',607667,'1998-12-09 14:43:00'),(82,82,2,'quo',3769738,'1976-05-12 11:21:16'),(83,83,3,'blanditiis',98,'2008-03-21 10:37:55'),(84,84,4,'qui',9,'1980-06-02 05:01:19'),(85,85,1,'ab',498959,'1995-02-28 09:03:34'),(86,86,2,'nihil',555281,'2005-09-10 05:26:46'),(87,87,3,'omnis',258349,'1970-12-20 08:48:39'),(88,88,4,'et',0,'2011-09-11 11:11:03'),(89,89,1,'veniam',72055,'2012-01-25 11:55:22'),(90,90,2,'et',203,'1970-10-04 01:20:19'),(91,91,3,'earum',1,'2012-02-17 12:28:38'),(92,92,4,'expedita',75781870,'2014-09-28 06:17:19'),(93,93,1,'cupiditate',6858470,'1971-12-29 23:53:02'),(94,94,2,'asperiores',8,'1998-09-02 20:16:11'),(95,95,3,'et',4,'2016-05-28 12:34:46'),(96,96,4,'sapiente',55,'1972-05-15 10:11:22'),(97,97,1,'deleniti',22137,'1986-05-10 11:37:08'),(98,98,2,'quia',311899,'2004-03-18 20:49:56'),(99,99,3,'quam',7,'1990-01-02 22:42:11'),(100,100,4,'accusamus',75423,'1997-11-12 16:48:44');
/*!40000 ALTER TABLE `media` ENABLE KEYS */;
UNLOCK TABLES;

--
-- Table structure for table `media_types`
--

DROP TABLE IF EXISTS `media_types`;
/*!40101 SET @saved_cs_client     = @@character_set_client */;
/*!40101 SET character_set_client = utf8 */;
CREATE TABLE `media_types` (
  `id` int(10) unsigned NOT NULL AUTO_INCREMENT,
  `name` varchar(45) COLLATE utf8mb4_unicode_ci NOT NULL,
  PRIMARY KEY (`id`),
  UNIQUE KEY `name` (`name`)
) ENGINE=InnoDB AUTO_INCREMENT=5 DEFAULT CHARSET=utf8mb4 COLLATE=utf8mb4_unicode_ci;
/*!40101 SET character_set_client = @saved_cs_client */;

--
-- Dumping data for table `media_types`
--

LOCK TABLES `media_types` WRITE;
/*!40000 ALTER TABLE `media_types` DISABLE KEYS */;
INSERT INTO `media_types` VALUES (1,'et'),(3,'facere'),(4,'nihil'),(2,'vero');
/*!40000 ALTER TABLE `media_types` ENABLE KEYS */;
UNLOCK TABLES;

--
-- Table structure for table `messages`
--

DROP TABLE IF EXISTS `messages`;
/*!40101 SET @saved_cs_client     = @@character_set_client */;
/*!40101 SET character_set_client = utf8 */;
CREATE TABLE `messages` (
  `id` bigint(20) unsigned NOT NULL AUTO_INCREMENT,
  `from_user_id` bigint(20) unsigned NOT NULL,
  `to_user_id` bigint(20) unsigned NOT NULL,
  `txt` text COLLATE utf8mb4_unicode_ci NOT NULL,
  `is_delivered` tinyint(1) DEFAULT 0,
  `created_at` datetime NOT NULL DEFAULT current_timestamp(),
  `updated_at` datetime DEFAULT NULL ON UPDATE current_timestamp(),
  PRIMARY KEY (`id`),
  KEY `fk_messages_from_user_idx` (`from_user_id`),
  KEY `fk_messages_to_user_idx` (`to_user_id`),
  CONSTRAINT `fk_messages_users_1` FOREIGN KEY (`from_user_id`) REFERENCES `users` (`id`),
  CONSTRAINT `fk_messages_users_2` FOREIGN KEY (`to_user_id`) REFERENCES `users` (`id`)
) ENGINE=InnoDB AUTO_INCREMENT=101 DEFAULT CHARSET=utf8mb4 COLLATE=utf8mb4_unicode_ci;
/*!40101 SET character_set_client = @saved_cs_client */;

--
-- Dumping data for table `messages`
--

LOCK TABLES `messages` WRITE;
/*!40000 ALTER TABLE `messages` DISABLE KEYS */;
INSERT INTO `messages` VALUES (1,1,1,'Culpa ex ipsa atque maxime culpa culpa.',0,'1974-11-12 15:04:12','2011-12-03 10:03:59'),(2,2,2,'Alias modi eum ut pariatur labore aut facilis possimus.',1,'2017-04-05 02:21:23','1985-11-05 14:52:32'),(3,3,3,'Iure blanditiis nulla provident aut similique tempora consequatur.',0,'1973-10-25 06:03:01','1982-08-01 01:29:47'),(4,4,4,'Ducimus quidem sed accusantium libero et totam saepe.',1,'1987-09-26 20:56:05','1998-01-08 08:14:25'),(5,5,5,'Asperiores nulla corrupti ullam voluptas.',0,'1973-10-30 03:01:04','2001-10-01 03:31:57'),(6,6,6,'Ea aperiam eos nulla praesentium aliquam reiciendis rerum culpa.',0,'2017-01-18 13:26:10','2020-12-07 07:47:47'),(7,7,7,'Sapiente quas consequatur ullam enim aliquam velit tempora.',1,'1988-11-01 03:58:54','1979-07-17 08:20:50'),(8,8,8,'Voluptatem quia consectetur consequatur distinctio eos sapiente sed rem.',1,'2008-01-04 18:10:51','1995-06-28 23:55:04'),(9,9,9,'Dolorem sint culpa vero assumenda modi autem.',1,'1977-01-21 05:27:04','1975-10-07 16:32:15'),(10,10,10,'Inventore qui perferendis et enim ut.',0,'2004-02-03 11:58:44','2014-07-24 05:17:33'),(11,11,11,'Est omnis ut et alias officiis sit quo.',0,'2015-01-18 07:04:53','1983-02-07 23:02:37'),(12,12,12,'Non doloremque quia porro et et nam.',1,'1994-04-07 11:45:47','2003-11-23 16:37:02'),(13,13,13,'Voluptatem saepe sit sit.',0,'2010-01-29 20:17:39','2016-09-13 20:50:18'),(14,14,14,'Sit voluptates quidem fugiat excepturi reiciendis delectus temporibus maiores.',0,'2016-04-09 07:02:32','1998-12-27 14:21:58'),(15,15,15,'Autem veritatis vel cum nostrum qui et adipisci.',1,'1975-12-14 18:16:18','1977-03-23 17:08:18'),(16,16,16,'Hic autem ullam suscipit delectus sunt.',1,'2016-01-10 09:09:44','2017-06-11 01:44:43'),(17,17,17,'Aut fugiat illo libero quisquam fuga sed dolorum.',1,'1974-11-08 14:58:31','1985-03-11 22:57:19'),(18,18,18,'Fuga veritatis enim et accusantium repudiandae voluptate exercitationem.',1,'1978-06-23 13:35:50','1975-12-23 07:29:07'),(19,19,19,'Earum quis et dolores similique excepturi ipsa enim.',0,'2020-01-29 05:03:39','1973-08-31 12:54:50'),(20,20,20,'In ipsum voluptate in vel quisquam tempore.',0,'1976-07-30 05:31:32','2003-12-10 02:41:47'),(21,21,21,'Iste dolor eos temporibus excepturi illo nihil.',0,'2007-08-26 11:34:14','1992-12-05 01:58:36'),(22,22,22,'Nostrum ad accusantium expedita perferendis quas ullam sequi.',0,'1977-02-12 04:09:26','2001-02-28 05:54:55'),(23,23,23,'Officiis eum labore velit.',1,'1999-12-20 12:35:39','1999-10-05 05:47:32'),(24,24,24,'Eius a beatae hic soluta debitis est quo nulla.',0,'1985-05-04 03:05:27','1989-11-15 23:40:10'),(25,25,25,'Alias adipisci molestiae placeat beatae voluptatem quas corporis ut.',1,'1985-04-19 22:09:25','1992-02-04 04:40:13'),(26,26,26,'Consequatur dolorem molestias non in.',1,'2017-07-09 16:36:20','1978-05-24 06:55:29'),(27,27,27,'Esse commodi ut aliquid sequi debitis.',0,'1990-08-09 12:04:15','1981-07-27 06:29:40'),(28,28,28,'Quae facere aut aut ratione reprehenderit sed voluptates.',1,'1986-06-11 15:23:28','1992-01-08 06:17:31'),(29,29,29,'Culpa placeat tempora voluptas dolor in.',1,'1998-11-03 18:47:41','1988-04-04 04:49:30'),(30,30,30,'Ut magni aut autem consectetur.',1,'1986-07-12 01:08:34','2010-05-27 22:30:59'),(31,31,31,'Odit vero autem quia enim consequuntur earum occaecati facilis.',0,'1972-07-15 02:00:44','2006-12-15 19:24:58'),(32,32,32,'Corrupti animi commodi dolorem voluptates eaque occaecati.',0,'2000-04-06 09:56:02','1970-05-25 20:30:26'),(33,33,33,'Omnis numquam vel cupiditate suscipit non.',0,'2005-05-20 20:02:50','1980-12-23 23:01:06'),(34,34,34,'Eum pariatur et sapiente in impedit non perferendis.',0,'1995-02-12 03:09:41','1972-01-15 20:32:58'),(35,35,35,'Itaque tempora maiores quia illo iusto.',0,'1974-11-19 19:19:02','2007-10-22 06:41:56'),(36,36,36,'Labore in quo et.',0,'2014-08-12 05:18:25','1970-08-06 14:57:49'),(37,37,37,'Qui laborum tempore eveniet rerum reprehenderit corporis voluptates repudiandae.',1,'2016-08-17 23:41:05','2006-07-26 17:35:13'),(38,38,38,'Nobis dolores tempora et laudantium.',1,'1971-12-25 20:06:14','1993-08-08 21:08:54'),(39,39,39,'A ut voluptatem quis quia nihil debitis est.',1,'1979-11-29 22:15:53','2012-03-23 15:28:46'),(40,40,40,'Rem ipsum maiores et dolorem.',1,'2004-09-17 03:11:21','2016-12-14 17:01:51'),(41,41,41,'Cupiditate sit quisquam aut nobis voluptatem consequatur ab.',0,'1979-10-02 21:04:59','1970-11-17 06:07:20'),(42,42,42,'Est omnis voluptate sed sunt.',0,'1985-08-15 05:59:26','2018-03-10 06:37:45'),(43,43,43,'Autem voluptatem molestiae est.',1,'2007-02-25 07:16:19','2009-12-13 16:36:05'),(44,44,44,'Corporis iusto ut illum ea ullam sequi.',0,'1977-05-03 17:47:26','2018-01-19 09:17:28'),(45,45,45,'Dolor est corporis est facilis expedita reprehenderit voluptate.',0,'1997-10-09 14:46:11','2002-09-11 17:49:13'),(46,46,46,'Dolorum sed voluptatibus in vero eum.',1,'1973-09-30 06:34:08','1996-01-07 16:13:37'),(47,47,47,'Dolores dolor molestias dolorum dolore optio.',1,'1971-11-29 11:11:06','2000-02-27 08:30:30'),(48,48,48,'Ut est dolorem odit et.',0,'1977-05-12 01:52:10','1991-02-01 01:38:28'),(49,49,49,'Consequuntur aliquid ipsam asperiores quaerat aut.',0,'2002-12-08 06:07:04','1998-01-07 01:20:23'),(50,50,50,'Magnam autem ut fugit earum nemo consectetur accusamus cum.',0,'1976-10-11 09:35:07','1996-01-05 22:00:59'),(51,51,51,'Quaerat cupiditate repellat id non.',0,'1978-12-01 04:08:41','1989-07-24 20:52:36'),(52,52,52,'Qui quia aut voluptatem ipsum sunt rerum necessitatibus.',0,'1993-11-17 01:29:51','2010-05-31 06:25:11'),(53,53,53,'Et aut et a nobis ut deleniti id.',0,'1994-05-20 09:35:47','1983-02-24 15:18:06'),(54,54,54,'Alias porro autem esse quisquam provident esse.',1,'1979-11-02 14:33:48','1982-06-30 12:31:51'),(55,55,55,'Perspiciatis animi veritatis ad voluptatem.',0,'1976-03-10 04:37:04','1973-11-17 17:17:05'),(56,56,56,'Facere temporibus voluptates suscipit eaque beatae ut et.',1,'1993-06-26 01:45:47','2018-06-26 17:16:44'),(57,57,57,'Est est sint non dolorem perferendis assumenda.',0,'1970-05-09 15:56:21','1999-03-30 00:26:27'),(58,58,58,'Et quisquam soluta omnis a aut.',0,'1985-03-13 15:56:08','1993-11-27 12:49:55'),(59,59,59,'Ad cupiditate laudantium totam atque.',1,'2011-08-12 09:04:00','1983-05-03 04:07:25'),(60,60,60,'Autem veritatis quia perspiciatis perferendis id dolores.',0,'2009-10-15 20:07:13','2004-01-14 11:44:33'),(61,61,61,'Vero atque excepturi magnam omnis.',1,'1979-10-11 13:27:30','2019-06-25 19:10:46'),(62,62,62,'Placeat rerum aperiam molestias et natus veniam.',0,'1996-12-04 06:05:37','2006-07-24 14:09:05'),(63,63,63,'Consectetur non amet qui.',1,'1982-05-15 09:15:10','1978-11-10 00:19:37'),(64,64,64,'Voluptatibus et sint qui sapiente.',0,'2002-01-20 03:29:37','2001-02-06 16:27:36'),(65,65,65,'Recusandae aliquid laboriosam fugit natus dolores et sint.',1,'2001-04-17 11:03:23','2009-03-19 00:59:52'),(66,66,66,'Ipsum accusantium consequatur non doloremque distinctio quasi.',0,'1994-04-09 23:54:10','2011-04-29 08:11:16'),(67,67,67,'Velit dolorum placeat in aliquid quae.',0,'2002-08-22 02:22:04','1996-06-03 02:31:39'),(68,68,68,'Doloribus eos consequatur et pariatur quod hic.',1,'2018-07-04 19:34:30','2005-04-12 08:39:33'),(69,69,69,'Sed reiciendis excepturi quidem tempore vitae ex.',1,'1985-10-12 05:52:51','2018-06-27 12:11:48'),(70,70,70,'Aliquid eos dolores minima.',1,'1986-02-07 18:23:27','2005-08-15 08:30:28'),(71,71,71,'Iusto perspiciatis explicabo tempora placeat ducimus et et.',1,'2017-08-20 08:04:02','2007-09-26 16:35:13'),(72,72,72,'Possimus dolorem beatae consequatur distinctio.',1,'1977-11-11 23:02:14','2016-11-23 17:17:27'),(73,73,73,'Similique libero quia totam qui quibusdam aut nemo.',0,'1975-12-20 02:36:36','2016-08-26 07:10:22'),(74,74,74,'Repellendus illo neque cumque.',1,'2015-08-01 00:21:57','2012-10-21 19:14:13'),(75,75,75,'Iure neque corporis dolor saepe eaque doloribus.',0,'1997-12-31 19:17:53','2005-12-06 03:02:53'),(76,76,76,'Consectetur numquam atque qui nesciunt assumenda ut id.',0,'1978-01-03 05:34:14','1982-04-21 10:27:09'),(77,77,77,'Pariatur amet vitae sunt reprehenderit enim.',0,'1989-05-22 19:04:06','2004-07-16 13:40:07'),(78,78,78,'Ad totam nulla sed velit illum.',1,'1975-03-03 10:02:15','2020-05-22 20:39:09'),(79,79,79,'Dignissimos earum a eaque accusantium ipsa.',1,'1986-08-18 22:12:47','1982-05-16 19:58:03'),(80,80,80,'Ex omnis maxime dolore molestiae eos quaerat.',0,'2001-04-04 05:22:29','1977-07-13 17:15:36'),(81,81,81,'Adipisci consectetur et voluptatibus eum delectus expedita.',1,'2019-03-11 14:39:05','2007-03-09 10:08:51'),(82,82,82,'Quos et quia mollitia voluptatem voluptatem delectus enim.',1,'2015-08-27 18:38:29','2010-04-09 22:26:02'),(83,83,83,'Dolor excepturi quae dolorem enim impedit occaecati non.',1,'2013-01-21 11:18:23','2021-03-08 02:06:44'),(84,84,84,'Reprehenderit aut molestiae quia temporibus ducimus.',0,'2001-04-04 05:28:10','2012-03-16 00:59:35'),(85,85,85,'Et enim voluptate maiores est accusantium ipsum in.',1,'2009-04-22 02:34:46','1976-04-19 06:42:40'),(86,86,86,'Sed doloremque molestiae illum vero commodi et sunt.',1,'2020-05-23 16:05:20','2007-11-21 22:27:56'),(87,87,87,'Laborum et cupiditate voluptatem cum qui.',0,'1994-11-08 17:09:07','1992-08-15 06:25:18'),(88,88,88,'Quia et harum eos impedit.',0,'2017-04-24 00:50:45','2000-10-07 09:49:12'),(89,89,89,'Occaecati reprehenderit architecto qui vel.',0,'2015-05-14 17:40:42','2006-11-18 08:33:53'),(90,90,90,'Aut consequuntur ut laborum et natus at nostrum.',1,'1996-12-02 03:33:47','1987-12-26 06:54:35'),(91,91,91,'At omnis laborum qui est ullam porro.',1,'1976-10-15 05:09:57','1988-09-09 18:08:48'),(92,92,92,'Nam laboriosam molestias dolorem ea sit ex voluptates dolores.',0,'1995-01-25 06:57:59','1974-11-11 03:31:07'),(93,93,93,'Assumenda voluptas nam ipsa maxime cumque unde suscipit.',1,'1997-02-22 16:25:03','2005-11-09 02:52:18'),(94,94,94,'Quae nostrum sit voluptatem iusto et ea nemo.',0,'2005-11-24 01:37:01','1972-12-19 08:51:06'),(95,95,95,'Facilis debitis nesciunt molestias culpa omnis aut vel maxime.',0,'2010-12-16 07:35:47','1987-12-21 22:34:20'),(96,96,96,'Eum aut suscipit aspernatur et excepturi.',1,'1971-09-14 17:35:57','2020-10-18 12:27:17'),(97,97,97,'Quasi velit modi rem assumenda iure quisquam libero.',0,'1999-05-27 09:51:44','1971-11-06 23:57:44'),(98,98,98,'Reiciendis aut eaque qui enim dolorem reprehenderit id.',1,'2000-01-22 16:08:49','2011-05-19 20:03:22'),(99,99,99,'Vel dolores ipsum dolore sed.',0,'2013-06-22 00:07:25','1984-11-24 08:33:13'),(100,100,100,'Blanditiis nihil maxime cumque odit soluta omnis et.',0,'1983-03-19 13:13:01','2003-12-13 02:54:23');
/*!40000 ALTER TABLE `messages` ENABLE KEYS */;
UNLOCK TABLES;

--
-- Table structure for table `profiles`
--

DROP TABLE IF EXISTS `profiles`;
/*!40101 SET @saved_cs_client     = @@character_set_client */;
/*!40101 SET character_set_client = utf8 */;
CREATE TABLE `profiles` (
  `user_id` bigint(20) unsigned NOT NULL,
  `gender` enum('f','m','x') COLLATE utf8mb4_unicode_ci NOT NULL,
  `birthday` date NOT NULL,
  `photo_id` bigint(20) unsigned DEFAULT NULL,
  `user_status` varchar(30) COLLATE utf8mb4_unicode_ci DEFAULT NULL,
  `city` varchar(130) COLLATE utf8mb4_unicode_ci DEFAULT NULL,
  `country` varchar(130) COLLATE utf8mb4_unicode_ci DEFAULT NULL,
  UNIQUE KEY `fk_profiles_users_to_idx` (`user_id`),
  UNIQUE KEY `photo_id` (`photo_id`),
  CONSTRAINT `fk_profiles_users` FOREIGN KEY (`user_id`) REFERENCES `users` (`id`)
) ENGINE=InnoDB DEFAULT CHARSET=utf8mb4 COLLATE=utf8mb4_unicode_ci;
/*!40101 SET character_set_client = @saved_cs_client */;

--
-- Dumping data for table `profiles`
--

LOCK TABLES `profiles` WRITE;
/*!40000 ALTER TABLE `profiles` DISABLE KEYS */;
INSERT INTO `profiles` VALUES (1,'x','2020-08-24',5,'Sapiente consequatur blanditii','Quintonmouth','Swaziland'),(2,'m','1984-04-28',0,'Autem sed cum debitis dolorem ','Luettgenland','French Guiana'),(3,'f','1982-02-12',578693,'Temporibus voluptas nam ea est','Creolaton','Eritrea'),(4,'x','1996-05-02',4566,'Nulla facilis ducimus nam est ','Heidenreichland','Mauritius'),(5,'x','2016-05-05',113740109,'Harum dolores tempore voluptat','Konopelskistad','Tajikistan'),(6,'m','2006-03-11',236,'Quia libero ex nihil harum pro','Boylehaven','Mexico'),(7,'x','1984-01-22',906,'Est dolorem et et et facilis i','Natashafurt','Italy'),(8,'m','1979-08-10',6821959,'Qui aut quam neque qui consequ','Zettaton','United Arab Emirates'),(9,'f','1986-06-08',74520375,'Adipisci aliquam ut omnis nam.','New Makaylaburgh','Rwanda'),(10,'m','2015-10-08',376204213,'Ducimus aut accusamus nesciunt','East Rickyborough','Hungary'),(11,'m','1979-11-30',9633652,'Culpa et in necessitatibus in.','Lake Aimee','Anguilla'),(12,'x','1972-06-14',68,'Non enim incidunt ducimus illu','New Carmineberg','Nepal'),(13,'f','2002-01-20',27,'Facere eligendi qui qui quas i','Joanabury','Belgium'),(14,'x','1977-02-12',67,'Ab dolorem odit dolorum est. S','Turcotteport','Bahrain'),(15,'m','1997-05-24',46,'Illo labore non doloremque tem','Zboncakfort','Montenegro'),(16,'f','1987-03-23',555056287,'Eum laudantium assumenda vero.','Lake Alannafurt','British Indian Ocean Territory (Chagos Archipelago)'),(17,'x','2001-04-09',826818981,'Id voluptas nesciunt ut except','Jerryburgh','Uruguay'),(18,'f','1995-07-26',6,'Autem molestiae non vitae aut.','Shayleeburgh','Faroe Islands'),(19,'m','2011-07-29',582,'Modi in aliquid officia rerum ','New Dorthyton','Nepal'),(20,'f','2008-09-01',258418264,'Provident maxime blanditiis qu','South Lane','Dominican Republic'),(21,'m','1971-01-03',79632,'Ex aliquid odit facere. Odit e','Heberberg','Trinidad and Tobago'),(22,'x','1985-11-09',327562,'Dicta aut suscipit velit incid','South Reubenbury','Tonga'),(23,'m','2012-01-29',290,'Magnam quia ducimus harum numq','Schimmelmouth','Cocos (Keeling) Islands'),(24,'m','1982-07-20',512866828,'Sed architecto est cumque quis','Port Kristianhaven','Switzerland'),(25,'m','2019-04-03',50,'Facilis voluptatum doloribus c','New Reggie','Falkland Islands (Malvinas)'),(26,'m','1972-05-01',56643,'Dolor veritatis consequuntur e','Port Jovanny','Saint Helena'),(27,'x','1990-09-25',505,'Sed molestias et quasi archite','New Kayleigh','United States Minor Outlying Islands'),(28,'x','1973-01-06',773038416,'Placeat nesciunt assumenda tot','West Mariana','Bahrain'),(29,'x','2014-06-07',1665253,'Nobis error placeat maiores sa','South Natside','South Georgia and the South Sandwich Islands'),(30,'x','1977-03-17',55249609,'Recusandae aut nemo sunt. Quis','West Alicia','Portugal'),(31,'f','1992-07-13',32565608,'Ullam deserunt doloribus et fa','Adriantown','Albania'),(32,'m','2017-05-25',3254398,'Nihil sint odit consequatur ve','South Aaliyahberg','Greece'),(33,'f','1990-03-21',775,'Unde voluptatem magni delectus','Percyburgh','Panama'),(34,'x','2017-01-29',53308,'Aut magni fugit voluptatem qui','Townetown','Saint Kitts and Nevis'),(35,'f','1982-11-21',3217053,'Accusantium fugit distinctio v','North Lilianport','Peru'),(36,'m','1988-06-18',3759,'Quidem repellat natus non volu','Stoneland','Liberia'),(37,'x','2007-12-05',53496919,'Nisi omnis optio beatae fugit.','Whitemouth','France'),(38,'f','2010-06-05',3121215,'Velit quo distinctio voluptatu','New Kayachester','Guam'),(39,'f','1993-12-22',309066,'Vel odio maiores error repella','North Coby','Faroe Islands'),(40,'x','2012-12-13',91,'Consequatur qui minima nisi om','East Gustaveton','Mongolia'),(41,'f','2009-04-09',78,'Recusandae ea et placeat et id','East Zanderton','Jamaica'),(42,'f','2013-08-17',245,'Quibusdam beatae non sequi rer','New Tianna','Monaco'),(43,'m','1977-07-27',433001,'Qui sit consequatur porro est ','Cartwrightshire','Malaysia'),(44,'f','1988-03-31',9257840,'Labore dolor corrupti id quasi','Jarenland','Cape Verde'),(45,'m','2015-02-25',7,'Cumque voluptas rem quia et eu','East Michelmouth','Malaysia'),(46,'x','1995-01-28',89778,'Molestiae aut quae exercitatio','Rowanville','British Indian Ocean Territory (Chagos Archipelago)'),(47,'f','1999-01-07',727,'Est enim ut ut et unde cum aut','Grahamburgh','Peru'),(48,'m','1983-08-28',5856,'Doloribus fugiat illum rerum e','Elliechester','Panama'),(49,'f','1999-09-11',72447,'Alias numquam eaque sit aut ac','Lake Maritzabury','Malaysia'),(50,'x','1975-07-22',2,'Id enim dolore id odit et opti','Gutmannborough','Cocos (Keeling) Islands'),(51,'m','2003-03-21',4128851,'Adipisci modi sint error moles','Lake Alexzanderville','Cook Islands'),(52,'f','2002-05-13',894377425,'Dicta illo voluptatibus magni ','East Jarrell','Greece'),(53,'f','1972-08-26',8069,'Molestiae laboriosam neque quo','Towneville','Paraguay'),(54,'f','1995-11-07',76881,'Est dolore officia qui ex nesc','South Solonside','Malaysia'),(55,'m','1993-02-26',33553,'Doloremque facere esse cumque ','South Guadalupefurt','Korea'),(56,'m','1972-10-19',463841032,'Esse veniam ratione repudianda','New Virginia','Hong Kong'),(57,'m','1978-02-03',651,'Accusamus illo cupiditate comm','Lake Bryon','Bahrain'),(58,'m','1993-10-24',875762,'Delectus ut autem aut numquam ','Nicoleside','Saint Martin'),(59,'f','2001-12-17',49,'Dignissimos repellat iure nihi','Pearlberg','Syrian Arab Republic'),(60,'f','1970-10-20',8426,'Quos ut dignissimos inventore ','North Stephenchester','Turks and Caicos Islands'),(61,'f','1982-01-23',3599848,'Tenetur facere temporibus eum ','North Rosalee','Mayotte'),(62,'f','1987-06-24',336,'Autem quo eos impedit error pe','Bahringertown','Cote d\'Ivoire'),(63,'m','2004-08-04',2944180,'Vel ut suscipit et autem cupid','Xanderborough','Morocco'),(64,'x','1977-09-12',89766137,'Corrupti fugit libero exercita','West Adriana','Marshall Islands'),(65,'m','1975-05-19',8245,'Enim sit ut inventore architec','Lawrencefort','New Zealand'),(66,'m','2015-11-20',19126,'Eum et similique est nobis imp','Roelberg','Macao'),(67,'f','1995-01-29',280486,'Velit consequatur ipsam debiti','Port Elenafort','Monaco'),(68,'x','1985-01-12',6085065,'Sit non reprehenderit praesent','New Nedraborough','Sudan'),(69,'m','1975-01-10',660630996,'Nihil est doloribus quis volup','Mayerfort','Belarus'),(70,'x','2013-05-28',465,'Qui esse aut ut iusto rerum te','East Abbiestad','Saint Lucia'),(71,'x','2006-10-03',84,'Qui et voluptatem sed ut moles','Lemkeville','France'),(72,'f','2008-11-06',39,'Ipsam perferendis quia dolorum','South Ervin','Qatar'),(73,'f','1973-04-24',163,'Sed dolor provident in est ea.','South Karastad','Sweden'),(74,'x','1989-09-19',14945274,'Error excepturi necessitatibus','East Whitney','Saint Pierre and Miquelon'),(75,'x','1988-07-04',977,'Corporis cumque architecto fug','New Ayla','Sudan'),(76,'f','1989-05-25',32,'Voluptas non quia sit quibusda','East Kaylie','Egypt'),(77,'m','1978-05-26',98328118,'Voluptas suscipit commodi cons','East Wilburn','Faroe Islands'),(78,'x','1992-07-17',47909999,'In quia saepe consequatur magn','Port Alexandriaport','Spain'),(79,'x','1978-06-01',232722772,'Nisi iusto illo quia beatae qu','Daniellestad','Nigeria'),(80,'f','1987-01-25',8364730,'Repellendus et laboriosam volu','Vickystad','Sierra Leone'),(81,'f','2012-05-29',4,'Consequatur tempore et exceptu','Carletonborough','Israel'),(82,'f','1990-02-01',3,'Minima et modi nihil. Animi ut','South Amira','Venezuela'),(83,'f','1982-06-03',77,'Laborum velit voluptate qui do','Freddyfurt','Brazil'),(84,'f','2007-12-16',57,'Maiores quisquam aut sequi nis','Lake Sylvan','Kyrgyz Republic'),(85,'f','1980-03-21',64270,'Ipsa dolor eos modi doloremque','Samland','Kuwait'),(86,'f','1990-12-19',193773968,'Id adipisci quidem dolores omn','New Braulio','Grenada'),(87,'f','1970-05-02',7912551,'Neque quae qui laborum. Quisqu','Port Alisa','Qatar'),(88,'m','2011-06-07',8602,'Sunt et dolorem distinctio. Id','Vernonfurt','Papua New Guinea'),(89,'m','1986-01-08',4431655,'Libero fuga culpa quia ab aliq','Lake Nicholasbury','Norfolk Island'),(90,'x','2000-12-04',10,'Beatae quam neque eum iure rem','East Ebbamouth','Guinea'),(91,'f','1986-05-21',1152,'Omnis et consequuntur ut ullam','Westonborough','Vanuatu'),(92,'x','1981-11-25',468824,'Nostrum officiis neque et. Dis','Lake Gordonview','Saint Helena'),(93,'f','1996-12-19',9724042,'Qui non aperiam et neque maxim','East Mireyaside','Guyana'),(94,'f','1970-12-26',7696565,'Dolores distinctio id velit si','Enosview','Greenland'),(95,'m','1998-01-07',33,'Eos et in quia et. Veritatis d','Greenfelderville','Bahamas'),(96,'f','1989-03-11',403,'Deleniti facilis est ut volupt','Kylamouth','Belarus'),(97,'f','1972-07-15',19573687,'Dolores fuga deserunt magnam a','Lake Mariemouth','Barbados'),(98,'x','1987-03-28',40,'Velit esse ut sint aliquam non','Sedrickside','Isle of Man'),(99,'m','1973-10-13',12998908,'Aut atque perferendis qui est ','Port Kristofer','Reunion'),(100,'m','2013-10-09',962693466,'Et totam non vel rerum archite','Schaeferfurt','Mali');
/*!40000 ALTER TABLE `profiles` ENABLE KEYS */;
UNLOCK TABLES;

--
-- Table structure for table `users`
--

DROP TABLE IF EXISTS `users`;
/*!40101 SET @saved_cs_client     = @@character_set_client */;
/*!40101 SET character_set_client = utf8 */;
CREATE TABLE `users` (
  `id` bigint(20) unsigned NOT NULL AUTO_INCREMENT,
  `first_name` varchar(145) COLLATE utf8mb4_unicode_ci NOT NULL,
  `last_name` varchar(145) COLLATE utf8mb4_unicode_ci NOT NULL,
  `email` varchar(145) COLLATE utf8mb4_unicode_ci NOT NULL,
  `phone` varchar(11) COLLATE utf8mb4_unicode_ci DEFAULT NULL,
  `password_hash` char(65) COLLATE utf8mb4_unicode_ci DEFAULT NULL,
  `created_at` datetime NOT NULL DEFAULT current_timestamp(),
  PRIMARY KEY (`id`),
  UNIQUE KEY `email_unique` (`email`),
  UNIQUE KEY `phone_unique` (`phone`)
) ENGINE=InnoDB AUTO_INCREMENT=101 DEFAULT CHARSET=utf8mb4 COLLATE=utf8mb4_unicode_ci;
/*!40101 SET character_set_client = @saved_cs_client */;

--
-- Dumping data for table `users`
--

LOCK TABLES `users` WRITE;
/*!40000 ALTER TABLE `users` DISABLE KEYS */;
INSERT INTO `users` VALUES (1,'Elton','Dare','gstrosin@example.org','09043438750','c49aa85790d76926450449592f1cf89abc784522','2011-10-10 11:01:05'),(2,'Emelie','Marvin','vmetz@example.org','1-692-168-6','6b1c0f3861419d44e452acc6459bc65c9af2d606','1982-09-17 09:12:36'),(3,'Amalia','Doyle','webster.o\'hara@example.com','(721)410-68','35227dde9d26f71ae80d62c881285888d8311efb','1981-06-20 16:51:53'),(4,'Marvin','Gibson','hoppe.denis@example.org','990.027.699','6eb47185b7370b28457641aab44f77333975ae26','2008-11-10 09:43:41'),(5,'Nola','Wilkinson','zveum@example.com','(236)068-52','31334a9004bfe293be64f6903e511bb2d6eba78d','2012-11-22 09:06:10'),(6,'Abigail','Simonis','fredrick.gibson@example.org','207.704.027','1c6a9e6613263e9b33e7a25b5b413f8d4755de0e','2020-09-25 00:50:16'),(7,'Rod','Borer','hermiston.frederick@example.org','+29(7)67932','e5745bd47513f15d1916ea5b3c1ba492ab992121','1980-12-09 11:05:18'),(8,'Max','Mueller','jett.pfannerstill@example.net','(370)455-86','38419d10c6e1c254915160e2dd9ef640e061aa82','1977-09-09 05:41:44'),(9,'Francisca','Mann','daisy.hudson@example.net','(709)834-16','0b8787a4eda4681fcfc6bc907da2ca855746346c','1970-06-15 13:33:47'),(10,'Freida','Reichert','roberta.corwin@example.com','1-766-255-8','2398e0281cf3e60218a78a2ad5d51e979370f30e','2002-01-20 08:00:14'),(11,'Muriel','Paucek','aniya.ullrich@example.net','08472655696','8314b1aa236c7fe07cd84988e70abb438e8f2563','1970-12-05 18:27:28'),(12,'Hettie','Beahan','uziemann@example.com','+48(3)85645','ecfa8d59f89533b2f43af561ea76584960c91d38','1995-05-04 06:02:52'),(13,'Shane','Kuphal','kavon.morar@example.com','(286)734-54','28f6a1ee26883d8bf200ed87e7990c96b606a451','1972-11-22 13:32:45'),(14,'Luz','Hansen','dbreitenberg@example.com','626-790-002','968a24d2b62b95930e5284492dc085c603694b0f','1987-02-20 11:51:12'),(15,'Aurelio','Bruen','jhyatt@example.org','(124)708-10','aad20136841b6c8f2d71286195735689a7a94be8','1986-11-17 18:12:14'),(16,'Garnet','Eichmann','schulist.leonie@example.org','564-377-956','c838607872dc9504c2c7ca688af0850ab3e37f2a','1994-10-31 17:04:46'),(17,'Luz','Lind','kemmer.tyson@example.org','01848997691','a414808844ffa5277dc48e594bc281b301cff25e','2005-01-14 09:36:42'),(18,'Nicholaus','O\'Keefe','antonio66@example.com','280.885.277','ecd70b4bd384ae5b1e6d138708063bf7cff17cb2','1978-12-05 05:19:19'),(19,'Ford','Reynolds','dimitri.runolfsdottir@example.com','+25(9)40278','549d56ec6f35ac1f8d722c98f5b4073a5d32cba4','1970-07-03 07:10:48'),(20,'Norwood','Osinski','mward@example.net','(176)557-81','015ad521fcac30709d3391eed594ff9c73975f6d','2016-11-12 11:18:10'),(21,'Anibal','Keebler','mueller.vance@example.com','+69(3)17913','da79ab663d5c5183b9463615666987374707dc72','1990-12-07 09:47:25'),(22,'Dallas','Mraz','earnestine91@example.net','236-832-826','df368c90a912a749b50bf45c70b3d6dedaecd941','1995-07-29 12:06:40'),(23,'Lia','Altenwerth','josephine26@example.net','(503)593-31','d97d0509ab80011c49c5f66f3207549fb0090233','1993-03-10 12:17:08'),(24,'Lucie','Senger','johan.wisozk@example.net','495.403.298','3937474106976fc3a1fefb075d0a95035da7f43d','1972-02-13 23:52:49'),(25,'Damaris','Stamm','wcorwin@example.org','131-591-933','1fddb9a786cd28d795211a0592294b4b0620f9a8','1993-04-09 10:58:38'),(26,'Stacey','Lockman','liliane.mitchell@example.net','1-060-176-3','c6025f4fb4d3b10d3a5f48a2063db61708fd42d7','2007-02-08 02:24:02'),(27,'Emely','Treutel','dparisian@example.com','(841)585-39','49c9edae0439363e95a12ed0af3026b687a0373d','1981-07-25 20:33:13'),(28,'Viva','Bahringer','borer.ole@example.net','(470)919-28','bf72085205eef69c58680b99cef92c80c7e30189','1997-03-11 02:49:34'),(29,'Teresa','Swift','rhianna32@example.com','1-777-563-2','3a6bdbf3e7ee7e0a9186d380d30ebe710f207a94','2010-07-13 04:06:05'),(30,'Adah','Dickens','johnston.alexandrine@example.com','045.419.043','6715dc99f5996d344bc00bd0fedefe5615592f36','1982-07-28 15:31:36'),(31,'Reynold','Rutherford','mante.bianka@example.org','012.367.167','4c09b33d42a6fd150eecd8879168400c94ad3b43','1983-07-24 13:40:11'),(32,'Desmond','White','dooley.albina@example.org','1-861-977-3','30fd1fac5f09eb2ee51bc0b19cf7584a3cb87fd1','1984-12-19 14:16:13'),(33,'Abagail','Bogisich','bogisich.elfrieda@example.org','218.668.904','7cce817bde2c0854603a4857373a1d3686e6a6ff','2012-05-29 13:08:38'),(34,'Davin','Barton','watson.jast@example.org','1-559-830-0','f4c431b34929189cdb8c0cf42f59f53ca0a8d7e6','1988-04-15 23:57:12'),(35,'Jerad','Eichmann','jerome.marvin@example.net','105-275-405','8f2eba9a7e23b1162df0b721754e5d412ecdd739','1970-02-12 01:41:32'),(36,'Frankie','Bruen','toby70@example.com','09838273772','daf72c252e6221bbbfbd65cc7c30d2e6573985c3','1973-06-19 19:52:03'),(37,'Noe','Wisoky','dibbert.kurt@example.org','319.442.779','5c5c6e0c658d3d479260d0c7709a83bc22ccfbee','2005-10-02 06:58:49'),(38,'Alize','Huel','grant.harley@example.net','09229978038','5a8b7d2be406bf7f975af2b22dc3c459092691c0','1994-06-25 04:42:17'),(39,'Greg','Marvin','zzemlak@example.com','(783)378-36','db2a85dac2232455c7af43ef0568afcd247cd073','2017-09-14 08:47:10'),(40,'Garry','Spencer','zstrosin@example.com','950-141-334','f311b22081b5d23932a868b68a6013d9024c8ab4','1985-05-18 15:00:14'),(41,'Laron','Kshlerin','smitchell@example.org','08409209274','f48ec3931dc0ce9826db243e0b6b01d37059fea7','2001-09-17 03:01:52'),(42,'Kylee','Wilderman','jada05@example.org','272.038.855','59c6e299f35bdaa9554d6f47621179c01029a333','1985-11-26 10:46:05'),(43,'Erich','Stark','rosie.johnson@example.com','(732)377-93','ab4c0b80f3ed5363b483ad3861d799f5977d6e4d','2010-04-21 00:01:27'),(44,'Arch','Hintz','kris39@example.org','452-135-270','d54d6168db38bf6c9aef1be7101fbe6d2c46640c','1972-03-13 10:51:15'),(45,'Laurence','Gibson','della53@example.net','+07(1)46173','fb5dae55a0e0a8701af39627937eb03f74347121','1982-01-07 18:19:26'),(46,'Noemy','Stracke','kyleigh70@example.net','521-262-606','90d6781edb31bbb88657a24c7fc96582dfc9f6f3','1989-04-22 16:04:45'),(47,'Damaris','Thompson','roma40@example.com','130.168.505','36c819ad4fe2dd898df36283db20f6295795c1ad','1975-08-12 00:35:56'),(48,'Teresa','Windler','hillard.hermann@example.com','1-498-445-4','3c9e5ab981a8bd301ac03093dc1334d849ee913b','1993-07-08 08:40:30'),(49,'Eileen','Johns','collins.noemy@example.com','243-059-200','23c91aa1bc3470ba512548201bf45e84bebece35','1998-11-22 00:45:59'),(50,'Nasir','Hartmann','rosalyn67@example.org','832-548-860','4aa8f7c892828755ce9b01e3a0f29ef8235f9c02','1997-05-25 23:59:04'),(51,'Alan','Mills','rtillman@example.com','630.889.967','1f726b3dc7d447327d657e8a5e6c55ef511bb160','1986-07-30 03:27:45'),(52,'Vidal','Connelly','turner.bernie@example.com','681-233-562','73834fd540fb28bae4f6542a3a4d3a5f0957a3f3','2000-07-29 06:41:33'),(53,'Juvenal','Davis','marquardt.tara@example.com','1-571-085-8','c82af3de5d828e4d187ab5789bef4cc990807fa1','1977-02-03 12:06:42'),(54,'Linda','Ankunding','hilma.schimmel@example.com','709.069.607','f759631df40833e196118ae1d764c8407bc2d2e0','2015-02-18 01:10:41'),(55,'Bernadette','Gorczany','jenkins.theresa@example.net','(726)906-25','254fe7006049bb4a63ceac038aab55f3bf330ce9','1984-09-29 14:19:51'),(56,'Jerrod','Wuckert','ruthe11@example.com','(629)131-41','efddd2b7356ff5b0e6057f05d4e4d2dd40b43de8','1979-07-05 06:31:48'),(57,'Esmeralda','Johnston','emmy.bruen@example.net','05276929251','2b55ad32fb7e172f3fbf72689a4817ac13f9d6dd','1974-10-25 21:34:28'),(58,'Angie','Orn','heaney.garett@example.org','745.143.411','4acf4ad03afd755b4b2fcaaa4c8676cd1d03ee65','1970-10-05 22:08:47'),(59,'Maud','Strosin','iyundt@example.com','657.264.459','9f63609ed10939ba7d6e4b8de37f6c3e9e413fe6','1998-02-20 05:40:35'),(60,'Cassandra','Hayes','wrogahn@example.com','(934)379-67','b426496468d5da8e7cda793e60aee411cc229d1a','2010-08-26 12:14:15'),(61,'Wilma','Beatty','stoltenberg.myrtie@example.net','941-745-034','69d6909a523ae62808c5e7b089ad50b8eb1634e5','1970-02-23 11:19:34'),(62,'Christina','Bernier','hyundt@example.net','1-555-916-2','b224bfd6c8f57f11a65bf4ae443dba422d824bbc','1992-06-24 11:11:29'),(63,'Orin','Prohaska','ebednar@example.com','663.277.850','cc3c58e7e21b4b9675ac88afb4cd2fc87af87f4c','1991-04-26 22:51:09'),(64,'Urban','Boyle','carlie90@example.com','718-396-346','0711d3c92d1e5641441e82c78fc4c0a61b8e0d70','2004-12-21 01:05:36'),(65,'Myrtis','Emard','hardy92@example.net','00727055424','b4787217efd65e212b9d54891ee17273b994e0c8','1976-02-29 13:25:57'),(66,'Therese','Hansen','arden.goldner@example.org','1-773-153-0','c5fdb1d2a7bc9f766b93a9d6385bd19c25f48e4f','1993-08-17 04:02:59'),(67,'Zachary','Jaskolski','voberbrunner@example.com','+56(8)82130','0b53caf05b33132ec3ad7cc943a7886e328bc1ab','2012-09-03 23:10:38'),(68,'Shaun','Lowe','shaun.reynolds@example.net','+08(8)87466','a8b3cfc3cc87aa4a777c405d7933bf81cc2fa20e','2002-10-19 18:38:11'),(69,'Zella','Kuphal','tgislason@example.org','971-029-441','2049eabb45b06edd07c4ec96b7f5c5fafa7f544f','2010-08-17 10:06:03'),(70,'Shanel','Wyman','feeney.kenneth@example.net','012.586.618','b3315ba5b660e4b7e809631df8e227892a0c9985','1976-01-12 22:52:52'),(71,'Maiya','Bergnaum','susie.koch@example.com','795-104-578','bb189317c022bf6b94bc88200976d383d995edab','2005-05-09 08:43:35'),(72,'Ocie','Boehm','gerard.connelly@example.org','220-312-457','28274b4a60b08653640d6f8c7655d23ea23b5c34','2016-05-30 12:51:01'),(73,'Jedediah','Hermann','carolyne.legros@example.org','(603)359-17','fde8bd04deb35e4c194ce83f9e0f0f8c8d93e108','1985-01-04 14:56:45'),(74,'Alisha','Hickle','reina.hahn@example.org','807-795-580','df2e7cbee6c800598bfb6fa3b5dd6314f34e291e','1989-10-27 22:39:57'),(75,'Jettie','Buckridge','christopher.ratke@example.net','(526)110-67','87bc2fb853644ecb9a79f553aad7ae43d060aa32','1982-10-19 19:26:16'),(76,'Octavia','Hirthe','hickle.dianna@example.org','983-525-581','fa0ef669499619fed0602df5241ce12923a2b201','1998-07-03 06:28:59'),(77,'Shaniya','Murphy','heather.abshire@example.com','1-636-996-2','d1d8f3b3d91a1bd0ba1d7de1728265f79d6464cf','1983-04-05 01:13:09'),(78,'Giles','Sporer','quinton.eichmann@example.com','1-652-943-0','677711697a8a49278f0328bd82815b996aa1da09','1995-08-17 20:58:52'),(79,'Dagmar','Kuphal','sandrine24@example.org','908-893-086','33bcc390ac705ac017659fbef6c54ce15d388de6','2015-10-23 00:21:59'),(80,'Margie','Murray','helena86@example.org','(775)170-02','e28c7f5d476d14d46997f7260a8f4a9e1ab39e65','2017-06-20 23:09:51'),(81,'Mohammed','Waters','kane.hirthe@example.org','1-767-673-9','9f42ff61f93e85f9f2b41583d20e309c1e2e6d65','1991-08-21 09:18:38'),(82,'Nedra','Muller','little.zane@example.org','691.156.595','a5ba939fc2c5565bed5660bc5df00587ee0a1dd6','1995-01-09 06:45:09'),(83,'Moises','Hirthe','clare66@example.org','+83(7)99588','977e4999358386c2f05b20ab939455f59b905ff5','2000-12-31 08:10:37'),(84,'Raul','Emmerich','kellie.orn@example.org','1-833-529-8','09d10e1a482d124d9077333b98cea759dfde3a07','2009-09-02 01:32:21'),(85,'Shania','Rowe','auer.leonor@example.com','550.383.354','5d5b3859f890029125f07430bc91cb50f504d66c','1972-12-31 00:41:50'),(86,'Bertha','Brown','nquitzon@example.net','609.804.117','522ab2e9c8716280ff2da0cd1ff88d8a4a4bfc27','2017-05-10 00:23:43'),(87,'Brittany','Parker','gussie.stokes@example.org','976.768.617','2db694f296955cd7b84dcd8ae15dfb5a2fd2e6b5','2013-07-29 05:20:54'),(88,'Julius','Spinka','aosinski@example.org','05260028402','ba9e9de4adc6f91aae4260898e03bba0d4df2b96','1983-11-24 17:00:53'),(89,'Charity','Marvin','zackery80@example.com','(660)200-21','64884823cfe99715ab44f09d2f4e97941be87cde','2000-03-12 22:36:34'),(90,'Craig','Gerlach','khayes@example.net','029.878.349','37c4359b1e1737b884f09bf91a829653bd9064ad','1974-08-31 00:17:25'),(91,'Declan','McCullough','dmurazik@example.com','1-216-398-3','ffd1f9edfeabdb643cff39a9c430ff2e5027bcd6','1974-05-17 12:39:55'),(92,'Emmalee','Schroeder','xkuhic@example.org','06594997809','3bfdd5bc1707fdb88df07dde790f83c57389f3b9','1985-12-23 00:17:12'),(93,'Elliot','Reinger','sbrakus@example.net','1-517-234-5','9c497469b4c65fee8ade5612e2b6f020f4c82769','2012-08-02 16:19:18'),(94,'Lesly','Stamm','koelpin.braulio@example.net','(351)576-11','cd1df772eb766044aafc2ac2a215197412c4c464','2013-11-03 14:40:10'),(95,'Natasha','Lubowitz','heidenreich.romaine@example.org','(648)681-39','8454a02116244a05b2803c7f80917dd361082cbc','1973-01-03 14:38:26'),(96,'Dejon','Koelpin','claudine71@example.org','026-258-427','d31cfbff9b4aa3bb3ff4d7a00420ec5a310db9f2','1987-11-04 01:39:08'),(97,'Abbey','Wunsch','janelle.gorczany@example.net','1-688-983-7','05e7247e81cca64cb4c9302a89618c1625335c17','1970-08-18 06:15:29'),(98,'Donald','Mayert','maude.gusikowski@example.net','(080)932-23','d3eaa330b7021f3754f1fd6c61a4d2649a6fbd39','1976-10-04 20:17:01'),(99,'Aryanna','Torp','jones.veda@example.org','(709)258-36','1b267a811c88030ce676c6c742a76335bf4149e7','1973-02-04 23:31:45'),(100,'Rhea','Jakubowski','marquardt.tom@example.com','(765)849-77','45251513fb271a8c25363952b59262f93166a0ca','1983-02-19 10:48:20');
/*!40000 ALTER TABLE `users` ENABLE KEYS */;
UNLOCK TABLES;
/*!40103 SET TIME_ZONE=@OLD_TIME_ZONE */;

/*!40101 SET SQL_MODE=@OLD_SQL_MODE */;
/*!40014 SET FOREIGN_KEY_CHECKS=@OLD_FOREIGN_KEY_CHECKS */;
/*!40014 SET UNIQUE_CHECKS=@OLD_UNIQUE_CHECKS */;
/*!40101 SET CHARACTER_SET_CLIENT=@OLD_CHARACTER_SET_CLIENT */;
/*!40101 SET CHARACTER_SET_RESULTS=@OLD_CHARACTER_SET_RESULTS */;
/*!40101 SET COLLATION_CONNECTION=@OLD_COLLATION_CONNECTION */;
/*!40111 SET SQL_NOTES=@OLD_SQL_NOTES */;

-- Dump completed on 2021-03-17 18:52:10
